"";"sexe";"preusuel";"annais";"dpt";"nombre"
"8848";1;"_PRENOMS_RARES";"2000";"43";5
"8947";1;"_PRENOMS_RARES";"2001";"43";10
"9045";1;"_PRENOMS_RARES";"2002";"43";6
"9144";1;"_PRENOMS_RARES";"2003";"43";9
"9242";1;"_PRENOMS_RARES";"2004";"43";9
"9341";1;"_PRENOMS_RARES";"2005";"43";8
"9440";1;"_PRENOMS_RARES";"2006";"43";20
"9539";1;"_PRENOMS_RARES";"2007";"43";11
"9638";1;"_PRENOMS_RARES";"2008";"43";7
"9736";1;"_PRENOMS_RARES";"2009";"43";9
"9835";1;"_PRENOMS_RARES";"2010";"43";13
"9934";1;"_PRENOMS_RARES";"2011";"43";17
"10033";1;"_PRENOMS_RARES";"2012";"43";15
"10132";1;"_PRENOMS_RARES";"2013";"43";11
"10231";1;"_PRENOMS_RARES";"2014";"43";19
"10330";1;"_PRENOMS_RARES";"2015";"43";26
"10429";1;"_PRENOMS_RARES";"2016";"43";16
"10528";1;"_PRENOMS_RARES";"2017";"43";17
"10627";1;"_PRENOMS_RARES";"2018";"43";17
"10726";1;"_PRENOMS_RARES";"2019";"43";20
"10825";1;"_PRENOMS_RARES";"2020";"43";19
"11416";1;"AARON";"2010";"43";3
"11590";1;"AARON";"2012";"43";3
"11680";1;"AARON";"2013";"43";3
"12238";1;"AARON";"2019";"43";3
"12334";1;"AARON";"2020";"43";3
"24534";1;"ADAM";"2003";"43";3
"25212";1;"ADAM";"2011";"43";7
"25394";1;"ADAM";"2013";"43";4
"25487";1;"ADAM";"2014";"43";4
"25947";1;"ADAM";"2019";"43";3
"26041";1;"ADAM";"2020";"43";3
"37876";1;"ADRIEN";"2000";"43";9
"37974";1;"ADRIEN";"2001";"43";6
"38072";1;"ADRIEN";"2002";"43";3
"38168";1;"ADRIEN";"2003";"43";10
"38265";1;"ADRIEN";"2004";"43";3
"38361";1;"ADRIEN";"2005";"43";6
"38454";1;"ADRIEN";"2006";"43";4
"38640";1;"ADRIEN";"2008";"43";7
"38904";1;"ADRIEN";"2011";"43";3
"38991";1;"ADRIEN";"2012";"43";3
"39073";1;"ADRIEN";"2013";"43";4
"39308";1;"ADRIEN";"2016";"43";4
"39453";1;"ADRIEN";"2018";"43";6
"55784";1;"ALAN";"2002";"43";4
"58863";1;"ALBAN";"2000";"43";4
"59114";1;"ALBAN";"2004";"43";3
"59180";1;"ALBAN";"2005";"43";4
"59253";1;"ALBAN";"2006";"43";3
"59323";1;"ALBAN";"2007";"43";4
"59396";1;"ALBAN";"2008";"43";3
"59469";1;"ALBAN";"2009";"43";3
"59540";1;"ALBAN";"2010";"43";3
"59607";1;"ALBAN";"2011";"43";3
"59672";1;"ALBAN";"2012";"43";3
"59744";1;"ALBAN";"2013";"43";3
"60000";1;"ALBAN";"2017";"43";4
"60065";1;"ALBAN";"2018";"43";3
"60179";1;"ALBAN";"2020";"43";3
"67036";1;"ALBIN";"2015";"43";3
"70990";1;"ALEX";"2000";"43";3
"71077";1;"ALEX";"2001";"43";4
"71246";1;"ALEX";"2003";"43";3
"71461";1;"ALEX";"2006";"43";3
"79051";1;"ALEXANDRE";"2000";"43";5
"79149";1;"ALEXANDRE";"2001";"43";13
"79247";1;"ALEXANDRE";"2002";"43";3
"79346";1;"ALEXANDRE";"2003";"43";6
"79445";1;"ALEXANDRE";"2004";"43";4
"79544";1;"ALEXANDRE";"2005";"43";3
"79831";1;"ALEXANDRE";"2008";"43";6
"79923";1;"ALEXANDRE";"2009";"43";4
"80017";1;"ALEXANDRE";"2010";"43";3
"80111";1;"ALEXANDRE";"2011";"43";5
"80368";1;"ALEXANDRE";"2014";"43";3
"85686";1;"ALEXIS";"2000";"43";13
"85785";1;"ALEXIS";"2001";"43";7
"85883";1;"ALEXIS";"2002";"43";8
"85981";1;"ALEXIS";"2003";"43";10
"86078";1;"ALEXIS";"2004";"43";10
"86176";1;"ALEXIS";"2005";"43";9
"86273";1;"ALEXIS";"2006";"43";11
"86368";1;"ALEXIS";"2007";"43";4
"86466";1;"ALEXIS";"2008";"43";7
"86749";1;"ALEXIS";"2011";"43";7
"86844";1;"ALEXIS";"2012";"43";7
"86935";1;"ALEXIS";"2013";"43";4
"87109";1;"ALEXIS";"2015";"43";3
"87197";1;"ALEXIS";"2016";"43";4
"87276";1;"ALEXIS";"2017";"43";3
"88049";1;"ALEXY";"2011";"43";3
"97449";1;"ALLAN";"2004";"43";3
"105932";1;"AMAURY";"2007";"43";3
"106447";1;"AMAURY";"2015";"43";5
"109964";1;"AMINE";"2006";"43";3
"135830";1;"ANTHONY";"2000";"43";8
"135927";1;"ANTHONY";"2001";"43";6
"136025";1;"ANTHONY";"2002";"43";8
"136117";1;"ANTHONY";"2003";"43";9
"136301";1;"ANTHONY";"2005";"43";5
"136475";1;"ANTHONY";"2007";"43";7
"136555";1;"ANTHONY";"2008";"43";5
"145025";1;"ANTOINE";"2000";"43";14
"145123";1;"ANTOINE";"2001";"43";8
"145221";1;"ANTOINE";"2002";"43";11
"145318";1;"ANTOINE";"2003";"43";8
"145414";1;"ANTOINE";"2004";"43";8
"145510";1;"ANTOINE";"2005";"43";7
"145607";1;"ANTOINE";"2006";"43";3
"145701";1;"ANTOINE";"2007";"43";5
"145798";1;"ANTOINE";"2008";"43";6
"145895";1;"ANTOINE";"2009";"43";5
"145988";1;"ANTOINE";"2010";"43";7
"146082";1;"ANTOINE";"2011";"43";3
"146269";1;"ANTOINE";"2013";"43";5
"146363";1;"ANTOINE";"2014";"43";4
"146453";1;"ANTOINE";"2015";"43";4
"146542";1;"ANTOINE";"2016";"43";5
"146635";1;"ANTOINE";"2017";"43";5
"146727";1;"ANTOINE";"2018";"43";4
"146815";1;"ANTOINE";"2019";"43";10
"149856";1;"ANTONIN";"2002";"43";3
"150451";1;"ANTONIN";"2009";"43";5
"150849";1;"ANTONIN";"2014";"43";3
"150934";1;"ANTONIN";"2015";"43";3
"151092";1;"ANTONIN";"2017";"43";3
"151242";1;"ANTONIN";"2019";"43";5
"163313";1;"ARMAND";"2014";"43";3
"171567";1;"ARSENE";"2012";"43";3
"171732";1;"ARSÈNE";"2015";"43";3
"175223";1;"ARTHUR";"2000";"43";12
"175319";1;"ARTHUR";"2001";"43";7
"175414";1;"ARTHUR";"2002";"43";6
"175509";1;"ARTHUR";"2003";"43";3
"175606";1;"ARTHUR";"2004";"43";6
"175700";1;"ARTHUR";"2005";"43";8
"175893";1;"ARTHUR";"2007";"43";8
"175990";1;"ARTHUR";"2008";"43";6
"176088";1;"ARTHUR";"2009";"43";7
"176186";1;"ARTHUR";"2010";"43";7
"176282";1;"ARTHUR";"2011";"43";5
"176379";1;"ARTHUR";"2012";"43";6
"176477";1;"ARTHUR";"2013";"43";5
"176574";1;"ARTHUR";"2014";"43";3
"176670";1;"ARTHUR";"2015";"43";4
"176766";1;"ARTHUR";"2016";"43";7
"176861";1;"ARTHUR";"2017";"43";5
"176960";1;"ARTHUR";"2018";"43";3
"177056";1;"ARTHUR";"2019";"43";6
"177154";1;"ARTHUR";"2020";"43";4
"178578";1;"AUBIN";"2010";"43";3
"178610";1;"AUBIN";"2011";"43";3
"178885";1;"AUBIN";"2019";"43";4
"186135";1;"AUGUSTIN";"2007";"43";3
"186478";1;"AUGUSTIN";"2012";"43";3
"186701";1;"AUGUSTIN";"2015";"43";3
"187035";1;"AUGUSTIN";"2019";"43";4
"190023";1;"AURÉLIEN";"2000";"43";3
"190202";1;"AURÉLIEN";"2002";"43";3
"190293";1;"AURÉLIEN";"2003";"43";3
"193131";1;"AXEL";"2000";"43";4
"193228";1;"AXEL";"2001";"43";3
"193420";1;"AXEL";"2003";"43";6
"193516";1;"AXEL";"2004";"43";9
"193614";1;"AXEL";"2005";"43";6
"193710";1;"AXEL";"2006";"43";3
"193805";1;"AXEL";"2007";"43";4
"193900";1;"AXEL";"2008";"43";4
"194092";1;"AXEL";"2010";"43";4
"194189";1;"AXEL";"2011";"43";3
"194287";1;"AXEL";"2012";"43";4
"194385";1;"AXEL";"2013";"43";4
"194483";1;"AXEL";"2014";"43";4
"194579";1;"AXEL";"2015";"43";8
"194760";1;"AXEL";"2017";"43";8
"194853";1;"AXEL";"2018";"43";9
"194944";1;"AXEL";"2019";"43";4
"195034";1;"AXEL";"2020";"43";4
"199771";1;"AYMERIC";"2001";"43";4
"207036";1;"BAPTISTE";"2000";"43";11
"207132";1;"BAPTISTE";"2001";"43";6
"207321";1;"BAPTISTE";"2003";"43";9
"207417";1;"BAPTISTE";"2004";"43";8
"207514";1;"BAPTISTE";"2005";"43";8
"207611";1;"BAPTISTE";"2006";"43";9
"207708";1;"BAPTISTE";"2007";"43";5
"207805";1;"BAPTISTE";"2008";"43";4
"207900";1;"BAPTISTE";"2009";"43";4
"207998";1;"BAPTISTE";"2010";"43";3
"208093";1;"BAPTISTE";"2011";"43";7
"208186";1;"BAPTISTE";"2012";"43";7
"208282";1;"BAPTISTE";"2013";"43";8
"208376";1;"BAPTISTE";"2014";"43";5
"208468";1;"BAPTISTE";"2015";"43";8
"208564";1;"BAPTISTE";"2016";"43";5
"208743";1;"BAPTISTE";"2018";"43";7
"208830";1;"BAPTISTE";"2019";"43";4
"208912";1;"BAPTISTE";"2020";"43";7
"211127";1;"BASILE";"2011";"43";3
"213905";1;"BASTIEN";"2000";"43";5
"214001";1;"BASTIEN";"2001";"43";6
"214097";1;"BASTIEN";"2002";"43";8
"214282";1;"BASTIEN";"2004";"43";4
"214461";1;"BASTIEN";"2006";"43";3
"214638";1;"BASTIEN";"2008";"43";3
"214813";1;"BASTIEN";"2010";"43";3
"214901";1;"BASTIEN";"2011";"43";3
"214985";1;"BASTIEN";"2012";"43";6
"215228";1;"BASTIEN";"2015";"43";5
"215375";1;"BASTIEN";"2017";"43";4
"219884";1;"BENJAMIN";"2000";"43";5
"219983";1;"BENJAMIN";"2001";"43";10
"220082";1;"BENJAMIN";"2002";"43";6
"220180";1;"BENJAMIN";"2003";"43";6
"220276";1;"BENJAMIN";"2004";"43";3
"220375";1;"BENJAMIN";"2005";"43";3
"220469";1;"BENJAMIN";"2006";"43";3
"220560";1;"BENJAMIN";"2007";"43";4
"220741";1;"BENJAMIN";"2009";"43";7
"221318";1;"BENJAMIN";"2016";"43";4
"226562";1;"BENOÎT";"2000";"43";4
"226646";1;"BENOÎT";"2001";"43";3
"226726";1;"BENOÎT";"2002";"43";4
"227124";1;"BENOÎT";"2009";"43";3
"239993";1;"BILAL";"2007";"43";3
"268349";1;"CAMILLE";"2009";"43";5
"269119";1;"CAMILLE";"2019";"43";3
"279544";1;"CELIAN";"2008";"43";3
"279647";1;"CELIAN";"2010";"43";3
"279680";1;"CELIAN";"2011";"43";4
"290811";1;"CHARLES";"2003";"43";3
"291709";1;"CHARLES";"2017";"43";4
"296327";1;"CHARLY";"2018";"43";3
"319686";1;"CLEMENT";"2010";"43";3
"319763";1;"CLEMENT";"2011";"43";7
"319820";1;"CLEMENT";"2012";"43";3
"324885";1;"CLÉMENT";"2000";"43";15
"324984";1;"CLÉMENT";"2001";"43";16
"325083";1;"CLÉMENT";"2002";"43";9
"325180";1;"CLÉMENT";"2003";"43";7
"325277";1;"CLÉMENT";"2004";"43";12
"325375";1;"CLÉMENT";"2005";"43";6
"325472";1;"CLÉMENT";"2006";"43";9
"325569";1;"CLÉMENT";"2007";"43";5
"325663";1;"CLÉMENT";"2008";"43";4
"325760";1;"CLÉMENT";"2009";"43";7
"326124";1;"CLÉMENT";"2013";"43";7
"326216";1;"CLÉMENT";"2014";"43";4
"326311";1;"CLÉMENT";"2015";"43";5
"326493";1;"CLÉMENT";"2017";"43";6
"326581";1;"CLÉMENT";"2018";"43";4
"326667";1;"CLÉMENT";"2019";"43";4
"326752";1;"CLÉMENT";"2020";"43";3
"330560";1;"CÔME";"2020";"43";4
"333817";1;"CORENTIN";"2000";"43";7
"333911";1;"CORENTIN";"2001";"43";5
"334002";1;"CORENTIN";"2002";"43";5
"334186";1;"CORENTIN";"2004";"43";5
"334277";1;"CORENTIN";"2005";"43";6
"334545";1;"CORENTIN";"2008";"43";4
"334632";1;"CORENTIN";"2009";"43";7
"334868";1;"CORENTIN";"2012";"43";3
"335072";1;"CORENTIN";"2015";"43";3
"335290";1;"CORENTIN";"2019";"43";3
"337091";1;"CYPRIEN";"2005";"43";3
"348023";1;"DAMIEN";"2000";"43";4
"348118";1;"DAMIEN";"2001";"43";3
"348213";1;"DAMIEN";"2002";"43";4
"348395";1;"DAMIEN";"2004";"43";3
"348632";1;"DAMIEN";"2007";"43";3
"365687";1;"DAVID";"2001";"43";3
"384045";1;"DIEGO";"2011";"43";4
"384833";1;"DIÉGO";"2017";"43";3
"387356";1;"DIMITRI";"2001";"43";4
"387435";1;"DIMITRI";"2002";"43";5
"387831";1;"DIMITRI";"2008";"43";3
"388033";1;"DIMITRI";"2013";"43";5
"399189";1;"DORIAN";"2000";"43";7
"399286";1;"DORIAN";"2001";"43";4
"399380";1;"DORIAN";"2002";"43";7
"399475";1;"DORIAN";"2003";"43";4
"399568";1;"DORIAN";"2004";"43";5
"399665";1;"DORIAN";"2005";"43";6
"399760";1;"DORIAN";"2006";"43";4
"399939";1;"DORIAN";"2008";"43";4
"400100";1;"DORIAN";"2010";"43";5
"400427";1;"DORIAN";"2015";"43";4
"400476";1;"DORIAN";"2016";"43";4
"402785";1;"DYLAN";"2000";"43";9
"402881";1;"DYLAN";"2001";"43";6
"402978";1;"DYLAN";"2002";"43";6
"403072";1;"DYLAN";"2003";"43";8
"403170";1;"DYLAN";"2004";"43";3
"403267";1;"DYLAN";"2005";"43";3
"403635";1;"DYLAN";"2009";"43";4
"403809";1;"DYLAN";"2011";"43";4
"407083";1;"EDDY";"2005";"43";3
"407495";1;"EDEN";"2011";"43";3
"407562";1;"EDEN";"2012";"43";3
"407810";1;"EDEN";"2015";"43";5
"407904";1;"EDEN";"2016";"43";3
"407995";1;"EDEN";"2017";"43";4
"408086";1;"EDEN";"2018";"43";3
"408272";1;"EDEN";"2020";"43";3
"429168";1;"ELIE";"2011";"43";3
"429328";1;"ELIE";"2015";"43";4
"429408";1;"ELIE";"2017";"43";3
"430537";1;"ELIO";"2009";"43";3
"430656";1;"ELIO";"2012";"43";4
"430859";1;"ELIO";"2016";"43";4
"430991";1;"ELIO";"2018";"43";4
"431914";1;"ELIOT";"2008";"43";3
"431986";1;"ELIOT";"2009";"43";3
"432251";1;"ELIOT";"2013";"43";3
"432312";1;"ELIOT";"2014";"43";3
"433449";1;"ELIOTT";"2009";"43";3
"433677";1;"ELIOTT";"2012";"43";3
"433752";1;"ELIOTT";"2013";"43";3
"433905";1;"ELIOTT";"2015";"43";3
"434313";1;"ELIOTT";"2020";"43";5
"447430";1;"EMILE";"2012";"43";4
"447546";1;"EMILE";"2015";"43";3
"450245";1;"EMILIEN";"2002";"43";4
"450460";1;"EMILIEN";"2005";"43";3
"450529";1;"EMILIEN";"2006";"43";3
"459276";1;"ENES";"2013";"43";3
"460875";1;"ENZO";"2000";"43";4
"460973";1;"ENZO";"2001";"43";8
"461071";1;"ENZO";"2002";"43";13
"461170";1;"ENZO";"2003";"43";8
"461269";1;"ENZO";"2004";"43";19
"461367";1;"ENZO";"2005";"43";16
"461466";1;"ENZO";"2006";"43";11
"461565";1;"ENZO";"2007";"43";12
"461664";1;"ENZO";"2008";"43";12
"461763";1;"ENZO";"2009";"43";13
"461862";1;"ENZO";"2010";"43";11
"461961";1;"ENZO";"2011";"43";17
"462060";1;"ENZO";"2012";"43";13
"462159";1;"ENZO";"2013";"43";9
"462258";1;"ENZO";"2014";"43";10
"462355";1;"ENZO";"2015";"43";12
"462452";1;"ENZO";"2016";"43";7
"462546";1;"ENZO";"2017";"43";11
"462642";1;"ENZO";"2018";"43";3
"462735";1;"ENZO";"2019";"43";8
"462831";1;"ENZO";"2020";"43";5
"475296";1;"ERWAN";"2002";"43";6
"475384";1;"ERWAN";"2003";"43";3
"475475";1;"ERWAN";"2004";"43";4
"475565";1;"ERWAN";"2005";"43";3
"475744";1;"ERWAN";"2007";"43";3
"476603";1;"ERWAN";"2019";"43";3
"478450";1;"ESTEBAN";"2002";"43";4
"478709";1;"ESTEBAN";"2005";"43";3
"478800";1;"ESTEBAN";"2006";"43";3
"478983";1;"ESTEBAN";"2008";"43";3
"479249";1;"ESTEBAN";"2011";"43";6
"479589";1;"ESTEBAN";"2015";"43";3
"479672";1;"ESTEBAN";"2016";"43";3
"480832";1;"ETHAN";"2005";"43";3
"481023";1;"ETHAN";"2007";"43";4
"481119";1;"ETHAN";"2008";"43";7
"481217";1;"ETHAN";"2009";"43";13
"481314";1;"ETHAN";"2010";"43";9
"481412";1;"ETHAN";"2011";"43";5
"481510";1;"ETHAN";"2012";"43";4
"481607";1;"ETHAN";"2013";"43";11
"481703";1;"ETHAN";"2014";"43";7
"481800";1;"ETHAN";"2015";"43";9
"481992";1;"ETHAN";"2017";"43";6
"482090";1;"ETHAN";"2018";"43";3
"482282";1;"ETHAN";"2020";"43";6
"490280";1;"ETIENNE";"2004";"43";4
"490516";1;"ETIENNE";"2008";"43";3
"496208";1;"EVAN";"2003";"43";3
"496298";1;"EVAN";"2004";"43";5
"496395";1;"EVAN";"2005";"43";4
"496491";1;"EVAN";"2006";"43";7
"496583";1;"EVAN";"2007";"43";3
"496680";1;"EVAN";"2008";"43";5
"496774";1;"EVAN";"2009";"43";10
"496873";1;"EVAN";"2010";"43";9
"496969";1;"EVAN";"2011";"43";8
"497065";1;"EVAN";"2012";"43";7
"497160";1;"EVAN";"2013";"43";7
"497253";1;"EVAN";"2014";"43";7
"497347";1;"EVAN";"2015";"43";3
"497439";1;"EVAN";"2016";"43";3
"497527";1;"EVAN";"2017";"43";6
"497615";1;"EVAN";"2018";"43";6
"507109";1;"FABIEN";"2001";"43";4
"521884";1;"FÉLIX";"2008";"43";3
"533338";1;"FLAVIEN";"2004";"43";4
"533439";1;"FLAVIEN";"2006";"43";3
"533508";1;"FLAVIEN";"2008";"43";3
"542361";1;"FLORIAN";"2000";"43";13
"542460";1;"FLORIAN";"2001";"43";4
"542556";1;"FLORIAN";"2002";"43";6
"542652";1;"FLORIAN";"2003";"43";6
"542749";1;"FLORIAN";"2004";"43";6
"542938";1;"FLORIAN";"2006";"43";4
"543028";1;"FLORIAN";"2007";"43";4
"543117";1;"FLORIAN";"2008";"43";3
"543269";1;"FLORIAN";"2010";"43";4
"579803";1;"GABIN";"2002";"43";4
"579879";1;"GABIN";"2003";"43";8
"580043";1;"GABIN";"2005";"43";7
"580129";1;"GABIN";"2006";"43";4
"580218";1;"GABIN";"2007";"43";9
"580310";1;"GABIN";"2008";"43";10
"580399";1;"GABIN";"2009";"43";4
"580491";1;"GABIN";"2010";"43";5
"580583";1;"GABIN";"2011";"43";9
"580677";1;"GABIN";"2012";"43";6
"580771";1;"GABIN";"2013";"43";7
"580865";1;"GABIN";"2014";"43";7
"581053";1;"GABIN";"2016";"43";9
"581146";1;"GABIN";"2017";"43";5
"581240";1;"GABIN";"2018";"43";6
"581333";1;"GABIN";"2019";"43";4
"581426";1;"GABIN";"2020";"43";9
"589183";1;"GABRIEL";"2004";"43";4
"589279";1;"GABRIEL";"2005";"43";4
"589372";1;"GABRIEL";"2006";"43";4
"589469";1;"GABRIEL";"2007";"43";4
"589566";1;"GABRIEL";"2008";"43";7
"589662";1;"GABRIEL";"2009";"43";9
"589758";1;"GABRIEL";"2010";"43";3
"589857";1;"GABRIEL";"2011";"43";4
"589955";1;"GABRIEL";"2012";"43";7
"590054";1;"GABRIEL";"2013";"43";4
"590153";1;"GABRIEL";"2014";"43";8
"590251";1;"GABRIEL";"2015";"43";4
"590349";1;"GABRIEL";"2016";"43";7
"590448";1;"GABRIEL";"2017";"43";7
"590547";1;"GABRIEL";"2018";"43";6
"590644";1;"GABRIEL";"2019";"43";5
"590742";1;"GABRIEL";"2020";"43";4
"593905";1;"GAEL";"2009";"43";3
"598398";1;"GAËTAN";"2000";"43";5
"598486";1;"GAËTAN";"2001";"43";5
"598570";1;"GAËTAN";"2002";"43";4
"598738";1;"GAËTAN";"2004";"43";4
"600372";1;"GARY";"2011";"43";3
"600759";1;"GASPARD";"2001";"43";3
"600912";1;"GASPARD";"2005";"43";3
"601227";1;"GASPARD";"2010";"43";3
"601299";1;"GASPARD";"2011";"43";3
"601657";1;"GASPARD";"2016";"43";3
"601809";1;"GASPARD";"2018";"43";3
"601960";1;"GASPARD";"2020";"43";4
"659265";1;"GREGORY";"2000";"43";3
"666727";1;"GUILLAUME";"2000";"43";5
"666824";1;"GUILLAUME";"2001";"43";3
"667274";1;"GUILLAUME";"2006";"43";3
"667361";1;"GUILLAUME";"2007";"43";3
"667437";1;"GUILLAUME";"2008";"43";5
"716583";1;"HUGO";"2000";"43";14
"716682";1;"HUGO";"2001";"43";9
"716781";1;"HUGO";"2002";"43";14
"716880";1;"HUGO";"2003";"43";9
"716979";1;"HUGO";"2004";"43";8
"717076";1;"HUGO";"2005";"43";7
"717175";1;"HUGO";"2006";"43";6
"717270";1;"HUGO";"2007";"43";7
"717367";1;"HUGO";"2008";"43";6
"717463";1;"HUGO";"2009";"43";5
"717560";1;"HUGO";"2010";"43";6
"717656";1;"HUGO";"2011";"43";9
"717754";1;"HUGO";"2012";"43";8
"717852";1;"HUGO";"2013";"43";6
"717951";1;"HUGO";"2014";"43";13
"718049";1;"HUGO";"2015";"43";9
"718145";1;"HUGO";"2016";"43";14
"718242";1;"HUGO";"2017";"43";8
"718339";1;"HUGO";"2018";"43";4
"718438";1;"HUGO";"2019";"43";4
"718532";1;"HUGO";"2020";"43";9
"726968";1;"ILAN";"2007";"43";4
"727052";1;"ILAN";"2008";"43";7
"727363";1;"ILAN";"2012";"43";3
"727502";1;"ILAN";"2014";"43";3
"734607";1;"IMRAN";"2015";"43";3
"780163";1;"JEAN";"2004";"43";3
"780309";1;"JEAN";"2006";"43";3
"780449";1;"JEAN";"2008";"43";4
"781220";1;"JEAN";"2019";"43";3
"849260";1;"JEREMY";"2000";"43";8
"849356";1;"JEREMY";"2001";"43";7
"849545";1;"JEREMY";"2003";"43";4
"849634";1;"JEREMY";"2004";"43";7
"864184";1;"JIMMY";"2002";"43";4
"867136";1;"JOAN";"2007";"43";3
"878793";1;"JOHAN";"2002";"43";3
"878990";1;"JOHAN";"2005";"43";4
"879132";1;"JOHAN";"2007";"43";4
"879333";1;"JOHAN";"2010";"43";5
"879402";1;"JOHAN";"2011";"43";4
"879473";1;"JOHAN";"2012";"43";3
"879537";1;"JOHAN";"2013";"43";3
"879650";1;"JOHAN";"2015";"43";3
"879698";1;"JOHAN";"2016";"43";6
"889618";1;"JONATHAN";"2001";"43";3
"891991";1;"JORDAN";"2000";"43";5
"892172";1;"JORDAN";"2002";"43";8
"892264";1;"JORDAN";"2003";"43";5
"892351";1;"JORDAN";"2004";"43";6
"892437";1;"JORDAN";"2005";"43";3
"892519";1;"JORDAN";"2006";"43";3
"892932";1;"JORDAN";"2012";"43";3
"895477";1;"JORIS";"2001";"43";5
"895618";1;"JORIS";"2003";"43";5
"895750";1;"JORIS";"2005";"43";3
"895882";1;"JORIS";"2007";"43";3
"908671";1;"JOSEPH";"2015";"43";3
"908953";1;"JOSEPH";"2020";"43";3
"917680";1;"JULES";"2000";"43";5
"917772";1;"JULES";"2001";"43";6
"917863";1;"JULES";"2002";"43";3
"918051";1;"JULES";"2004";"43";4
"918146";1;"JULES";"2005";"43";9
"918242";1;"JULES";"2006";"43";9
"918341";1;"JULES";"2007";"43";10
"918439";1;"JULES";"2008";"43";8
"918535";1;"JULES";"2009";"43";4
"918631";1;"JULES";"2010";"43";8
"918725";1;"JULES";"2011";"43";11
"918822";1;"JULES";"2012";"43";10
"918919";1;"JULES";"2013";"43";12
"919015";1;"JULES";"2014";"43";9
"919114";1;"JULES";"2015";"43";11
"919213";1;"JULES";"2016";"43";8
"919312";1;"JULES";"2017";"43";11
"919409";1;"JULES";"2018";"43";6
"919506";1;"JULES";"2019";"43";8
"919602";1;"JULES";"2020";"43";6
"920635";1;"JULIAN";"2003";"43";3
"921556";1;"JULIAN";"2017";"43";3
"921763";1;"JULIAN";"2020";"43";3
"928987";1;"JULIEN";"2000";"43";7
"929086";1;"JULIEN";"2001";"43";3
"929183";1;"JULIEN";"2002";"43";3
"929281";1;"JULIEN";"2003";"43";3
"929377";1;"JULIEN";"2004";"43";5
"929472";1;"JULIEN";"2005";"43";3
"929661";1;"JULIEN";"2007";"43";4
"933027";1;"JUSTIN";"2003";"43";3
"933287";1;"JUSTIN";"2007";"43";3
"933476";1;"JUSTIN";"2010";"43";3
"933690";1;"JUSTIN";"2015";"43";3
"935340";1;"KAÏS";"2015";"43";3
"935406";1;"KAÏS";"2016";"43";3
"951136";1;"KEVIN";"2000";"43";10
"951234";1;"KEVIN";"2001";"43";7
"951331";1;"KEVIN";"2002";"43";4
"951429";1;"KEVIN";"2003";"43";5
"951525";1;"KEVIN";"2004";"43";7
"951620";1;"KEVIN";"2005";"43";5
"951711";1;"KEVIN";"2006";"43";7
"951886";1;"KEVIN";"2008";"43";5
"956504";1;"KILIAN";"2006";"43";3
"956638";1;"KILIAN";"2008";"43";3
"957533";1;"KILLIAN";"2000";"43";3
"957616";1;"KILLIAN";"2001";"43";5
"957800";1;"KILLIAN";"2003";"43";6
"957891";1;"KILLIAN";"2004";"43";3
"957980";1;"KILLIAN";"2005";"43";4
"958238";1;"KILLIAN";"2008";"43";3
"961241";1;"KYLIAN";"2002";"43";3
"961328";1;"KYLIAN";"2003";"43";5
"961419";1;"KYLIAN";"2004";"43";3
"961509";1;"KYLIAN";"2005";"43";4
"961695";1;"KYLIAN";"2007";"43";6
"961975";1;"KYLIAN";"2010";"43";3
"962064";1;"KYLIAN";"2011";"43";4
"962155";1;"KYLIAN";"2012";"43";4
"962246";1;"KYLIAN";"2013";"43";4
"962576";1;"KYLIAN";"2017";"43";3
"962816";1;"KYLIAN";"2020";"43";3
"974422";1;"LÉANDRE";"2014";"43";5
"974492";1;"LÉANDRE";"2015";"43";3
"974558";1;"LÉANDRE";"2016";"43";3
"976671";1;"LENNY";"2003";"43";4
"976758";1;"LENNY";"2004";"43";3
"976838";1;"LENNY";"2005";"43";4
"977084";1;"LENNY";"2008";"43";3
"977173";1;"LENNY";"2009";"43";5
"977350";1;"LENNY";"2011";"43";3
"977439";1;"LENNY";"2012";"43";3
"977524";1;"LENNY";"2013";"43";3
"977786";1;"LENNY";"2016";"43";3
"977954";1;"LENNY";"2018";"43";3
"978719";1;"LENY";"2012";"43";5
"979405";1;"LENZO";"2013";"43";3
"979657";1;"LENZO";"2019";"43";3
"979751";1;"LEO";"2010";"43";7
"979831";1;"LEO";"2011";"43";7
"979899";1;"LEO";"2012";"43";10
"981752";1;"LÉO";"2000";"43";10
"981850";1;"LÉO";"2001";"43";12
"981946";1;"LÉO";"2002";"43";10
"982044";1;"LÉO";"2003";"43";8
"982143";1;"LÉO";"2004";"43";8
"982242";1;"LÉO";"2005";"43";7
"982339";1;"LÉO";"2006";"43";6
"982437";1;"LÉO";"2007";"43";8
"982536";1;"LÉO";"2008";"43";10
"982634";1;"LÉO";"2009";"43";10
"983016";1;"LÉO";"2013";"43";4
"983115";1;"LÉO";"2014";"43";7
"983214";1;"LÉO";"2015";"43";11
"983313";1;"LÉO";"2016";"43";7
"983412";1;"LÉO";"2017";"43";14
"983510";1;"LÉO";"2018";"43";10
"983608";1;"LÉO";"2019";"43";7
"983704";1;"LÉO";"2020";"43";10
"989067";1;"LÉON";"2013";"43";4
"989482";1;"LÉON";"2018";"43";8
"995988";1;"LIAM";"2012";"43";5
"996075";1;"LIAM";"2013";"43";4
"996262";1;"LIAM";"2015";"43";7
"996357";1;"LIAM";"2016";"43";3
"996454";1;"LIAM";"2017";"43";3
"996645";1;"LIAM";"2019";"43";3
"996739";1;"LIAM";"2020";"43";4
"998345";1;"LILIAN";"2000";"43";5
"998505";1;"LILIAN";"2002";"43";3
"998857";1;"LILIAN";"2006";"43";4
"998948";1;"LILIAN";"2007";"43";4
"999116";1;"LILIAN";"2009";"43";4
"999417";1;"LILIAN";"2013";"43";3
"1006605";1;"LIVIO";"2018";"43";3
"1006654";1;"LIVIO";"2019";"43";4
"1006720";1;"LIVIO";"2020";"43";3
"1007421";1;"LOAN";"2008";"43";4
"1007719";1;"LOAN";"2012";"43";5
"1007873";1;"LOAN";"2014";"43";5
"1010044";1;"LOGAN";"2014";"43";3
"1015211";1;"LOÏC";"2000";"43";3
"1015305";1;"LOÏC";"2001";"43";9
"1015394";1;"LOÏC";"2002";"43";9
"1015475";1;"LOÏC";"2003";"43";4
"1015794";1;"LOÏC";"2007";"43";4
"1017043";1;"LOÏS";"2002";"43";3
"1017251";1;"LOÏS";"2007";"43";6
"1017537";1;"LOÏS";"2015";"43";4
"1018886";1;"LORENZO";"2007";"43";4
"1019067";1;"LORENZO";"2009";"43";5
"1019254";1;"LORENZO";"2011";"43";3
"1019963";1;"LORENZO";"2019";"43";3
"1021265";1;"LORIS";"2010";"43";4
"1021406";1;"LORIS";"2012";"43";5
"1021546";1;"LORIS";"2014";"43";3
"1021613";1;"LORIS";"2015";"43";4
"1031947";1;"LOUIS";"2000";"43";11
"1032043";1;"LOUIS";"2001";"43";12
"1032140";1;"LOUIS";"2002";"43";4
"1032237";1;"LOUIS";"2003";"43";7
"1032334";1;"LOUIS";"2004";"43";9
"1032431";1;"LOUIS";"2005";"43";7
"1032529";1;"LOUIS";"2006";"43";7
"1032628";1;"LOUIS";"2007";"43";6
"1032725";1;"LOUIS";"2008";"43";6
"1032824";1;"LOUIS";"2009";"43";9
"1032923";1;"LOUIS";"2010";"43";6
"1033021";1;"LOUIS";"2011";"43";15
"1033118";1;"LOUIS";"2012";"43";9
"1033216";1;"LOUIS";"2013";"43";12
"1033411";1;"LOUIS";"2015";"43";8
"1033509";1;"LOUIS";"2016";"43";4
"1033607";1;"LOUIS";"2017";"43";8
"1033704";1;"LOUIS";"2018";"43";9
"1033801";1;"LOUIS";"2019";"43";6
"1033896";1;"LOUIS";"2020";"43";10
"1034700";1;"LOUISON";"2016";"43";3
"1035522";1;"LOUKA";"2013";"43";4
"1035683";1;"LOUKA";"2015";"43";3
"1035845";1;"LOUKA";"2017";"43";3
"1045616";1;"LUCAS";"2000";"43";15
"1045715";1;"LUCAS";"2001";"43";13
"1045814";1;"LUCAS";"2002";"43";13
"1045913";1;"LUCAS";"2003";"43";13
"1046012";1;"LUCAS";"2004";"43";6
"1046111";1;"LUCAS";"2005";"43";14
"1046210";1;"LUCAS";"2006";"43";11
"1046309";1;"LUCAS";"2007";"43";11
"1046408";1;"LUCAS";"2008";"43";21
"1046507";1;"LUCAS";"2009";"43";15
"1046606";1;"LUCAS";"2010";"43";6
"1046705";1;"LUCAS";"2011";"43";12
"1046803";1;"LUCAS";"2012";"43";5
"1046902";1;"LUCAS";"2013";"43";11
"1047001";1;"LUCAS";"2014";"43";11
"1047100";1;"LUCAS";"2015";"43";8
"1047199";1;"LUCAS";"2016";"43";6
"1047297";1;"LUCAS";"2017";"43";7
"1047396";1;"LUCAS";"2018";"43";9
"1047493";1;"LUCAS";"2019";"43";4
"1047591";1;"LUCAS";"2020";"43";3
"1055315";1;"LUCIEN";"2015";"43";3
"1065454";1;"LYAM";"2018";"43";3
"1067485";1;"MAE";"2011";"43";3
"1067726";1;"MAÉ";"2014";"43";3
"1068057";1;"MAÉ";"2020";"43";3
"1069300";1;"MAEL";"2006";"43";7
"1069492";1;"MAEL";"2008";"43";4
"1069588";1;"MAEL";"2009";"43";6
"1069685";1;"MAEL";"2010";"43";4
"1069776";1;"MAEL";"2011";"43";4
"1069848";1;"MAEL";"2012";"43";5
"1070626";1;"MAËL";"2013";"43";5
"1070720";1;"MAËL";"2014";"43";8
"1070815";1;"MAËL";"2015";"43";8
"1070912";1;"MAËL";"2016";"43";7
"1071106";1;"MAËL";"2018";"43";7
"1071205";1;"MAËL";"2019";"43";7
"1071303";1;"MAËL";"2020";"43";6
"1072895";1;"MAHÉ";"2014";"43";4
"1073090";1;"MAHÉ";"2017";"43";3
"1077062";1;"MALO";"2012";"43";5
"1077205";1;"MALO";"2014";"43";3
"1077351";1;"MALO";"2016";"43";3
"1077426";1;"MALO";"2017";"43";4
"1078105";1;"MALONE";"2014";"43";4
"1078428";1;"MALONE";"2019";"43";3
"1095444";1;"MARCEAU";"2011";"43";3
"1095748";1;"MARCEAU";"2016";"43";4
"1095894";1;"MARCEAU";"2018";"43";4
"1095970";1;"MARCEAU";"2019";"43";4
"1096052";1;"MARCEAU";"2020";"43";5
"1108556";1;"MARIN";"2019";"43";3
"1114353";1;"MARIUS";"2003";"43";4
"1114892";1;"MARIUS";"2010";"43";3
"1115139";1;"MARIUS";"2013";"43";4
"1115403";1;"MARIUS";"2016";"43";3
"1115495";1;"MARIUS";"2017";"43";6
"1115587";1;"MARIUS";"2018";"43";4
"1115679";1;"MARIUS";"2019";"43";4
"1115772";1;"MARIUS";"2020";"43";3
"1116367";1;"MARLEY";"2015";"43";5
"1124298";1;"MARTIN";"2002";"43";4
"1124706";1;"MARTIN";"2007";"43";3
"1124790";1;"MARTIN";"2008";"43";3
"1124876";1;"MARTIN";"2009";"43";3
"1125212";1;"MARTIN";"2013";"43";3
"1125380";1;"MARTIN";"2015";"43";3
"1125643";1;"MARTIN";"2018";"43";3
"1125816";1;"MARTIN";"2020";"43";4
"1129283";1;"MATEO";"2012";"43";4
"1129599";1;"MATÉO";"2000";"43";4
"1129754";1;"MATÉO";"2002";"43";4
"1129934";1;"MATÉO";"2004";"43";3
"1130108";1;"MATÉO";"2006";"43";4
"1130369";1;"MATÉO";"2009";"43";5
"1131189";1;"MATHEO";"2010";"43";4
"1131335";1;"MATHEO";"2012";"43";12
"1131789";1;"MATHÉO";"2002";"43";4
"1131884";1;"MATHÉO";"2003";"43";5
"1131978";1;"MATHÉO";"2004";"43";5
"1132074";1;"MATHÉO";"2005";"43";6
"1132171";1;"MATHÉO";"2006";"43";4
"1132269";1;"MATHÉO";"2007";"43";9
"1132368";1;"MATHÉO";"2008";"43";9
"1132466";1;"MATHÉO";"2009";"43";6
"1132564";1;"MATHÉO";"2010";"43";3
"1132846";1;"MATHÉO";"2013";"43";7
"1132942";1;"MATHÉO";"2014";"43";7
"1133037";1;"MATHÉO";"2015";"43";5
"1133219";1;"MATHÉO";"2017";"43";4
"1133309";1;"MATHÉO";"2018";"43";4
"1133399";1;"MATHÉO";"2019";"43";3
"1135952";1;"MATHIAS";"2005";"43";3
"1136044";1;"MATHIAS";"2006";"43";8
"1136227";1;"MATHIAS";"2008";"43";5
"1136316";1;"MATHIAS";"2009";"43";7
"1136484";1;"MATHIAS";"2011";"43";3
"1136922";1;"MATHIAS";"2017";"43";4
"1140786";1;"MATHIEU";"2000";"43";7
"1140884";1;"MATHIEU";"2001";"43";4
"1140980";1;"MATHIEU";"2002";"43";5
"1141172";1;"MATHIEU";"2004";"43";6
"1141268";1;"MATHIEU";"2005";"43";3
"1141455";1;"MATHIEU";"2007";"43";3
"1141545";1;"MATHIEU";"2008";"43";3
"1141634";1;"MATHIEU";"2009";"43";3
"1141955";1;"MATHIEU";"2013";"43";3
"1142804";1;"MATHIS";"2000";"43";8
"1142896";1;"MATHIS";"2001";"43";10
"1142989";1;"MATHIS";"2002";"43";13
"1143085";1;"MATHIS";"2003";"43";15
"1143181";1;"MATHIS";"2004";"43";15
"1143279";1;"MATHIS";"2005";"43";19
"1143377";1;"MATHIS";"2006";"43";11
"1143476";1;"MATHIS";"2007";"43";11
"1143575";1;"MATHIS";"2008";"43";12
"1143674";1;"MATHIS";"2009";"43";9
"1143772";1;"MATHIS";"2010";"43";14
"1143870";1;"MATHIS";"2011";"43";8
"1143969";1;"MATHIS";"2012";"43";7
"1144064";1;"MATHIS";"2013";"43";5
"1144161";1;"MATHIS";"2014";"43";4
"1144259";1;"MATHIS";"2015";"43";6
"1144449";1;"MATHIS";"2017";"43";11
"1144545";1;"MATHIS";"2018";"43";6
"1144638";1;"MATHIS";"2019";"43";8
"1144730";1;"MATHIS";"2020";"43";8
"1145467";1;"MATHYS";"2003";"43";3
"1145546";1;"MATHYS";"2004";"43";3
"1145633";1;"MATHYS";"2005";"43";5
"1145723";1;"MATHYS";"2006";"43";6
"1145814";1;"MATHYS";"2007";"43";4
"1146358";1;"MATHYS";"2013";"43";3
"1146452";1;"MATHYS";"2014";"43";3
"1146541";1;"MATHYS";"2015";"43";3
"1148839";1;"MATTEO";"2010";"43";3
"1149786";1;"MATTÉO";"2003";"43";8
"1149880";1;"MATTÉO";"2004";"43";5
"1149977";1;"MATTÉO";"2005";"43";5
"1150072";1;"MATTÉO";"2006";"43";4
"1150168";1;"MATTÉO";"2007";"43";4
"1150262";1;"MATTÉO";"2008";"43";5
"1150869";1;"MATTÉO";"2016";"43";3
"1151124";1;"MATTÉO";"2020";"43";3
"1153493";1;"MATTHIAS";"2003";"43";3
"1153561";1;"MATTHIAS";"2004";"43";4
"1157299";1;"MATTHIEU";"2007";"43";3
"1171621";1;"MAXENCE";"2002";"43";4
"1171708";1;"MAXENCE";"2003";"43";3
"1171795";1;"MAXENCE";"2004";"43";7
"1172066";1;"MAXENCE";"2007";"43";7
"1172158";1;"MAXENCE";"2008";"43";9
"1172251";1;"MAXENCE";"2009";"43";4
"1172344";1;"MAXENCE";"2010";"43";3
"1172441";1;"MAXENCE";"2011";"43";6
"1172534";1;"MAXENCE";"2012";"43";3
"1172626";1;"MAXENCE";"2013";"43";7
"1172719";1;"MAXENCE";"2014";"43";5
"1172808";1;"MAXENCE";"2015";"43";5
"1172895";1;"MAXENCE";"2016";"43";3
"1172987";1;"MAXENCE";"2017";"43";5
"1173076";1;"MAXENCE";"2018";"43";5
"1173241";1;"MAXENCE";"2020";"43";7
"1178723";1;"MAXIME";"2000";"43";17
"1178821";1;"MAXIME";"2001";"43";12
"1178919";1;"MAXIME";"2002";"43";15
"1179018";1;"MAXIME";"2003";"43";6
"1179116";1;"MAXIME";"2004";"43";11
"1179215";1;"MAXIME";"2005";"43";9
"1179408";1;"MAXIME";"2007";"43";6
"1179506";1;"MAXIME";"2008";"43";6
"1179603";1;"MAXIME";"2009";"43";3
"1179700";1;"MAXIME";"2010";"43";5
"1179799";1;"MAXIME";"2011";"43";4
"1179986";1;"MAXIME";"2013";"43";4
"1180081";1;"MAXIME";"2014";"43";5
"1186462";1;"MEHDI";"2001";"43";3
"1186682";1;"MEHDI";"2004";"43";4
"1186818";1;"MEHDI";"2006";"43";3
"1187018";1;"MEHDI";"2009";"43";3
"1189526";1;"MELVIN";"2007";"43";4
"1189835";1;"MELVIN";"2013";"43";3
"1207592";1;"MICKAEL";"2000";"43";5
"1207935";1;"MICKAEL";"2005";"43";4
"1215902";1;"MILAN";"2016";"43";3
"1217005";1;"MILO";"2008";"43";4
"1217450";1;"MILO";"2015";"43";4
"1217519";1;"MILO";"2016";"43";4
"1217597";1;"MILO";"2017";"43";3
"1217757";1;"MILO";"2019";"43";4
"1221826";1;"MOHAMED";"2011";"43";3
"1221972";1;"MOHAMED";"2013";"43";3
"1222048";1;"MOHAMED";"2014";"43";3
"1222336";1;"MOHAMED";"2018";"43";5
"1229328";1;"MORGAN";"2009";"43";3
"1229467";1;"MORGAN";"2011";"43";3
"1237817";1;"NABIL";"2001";"43";3
"1238995";1;"NADIR";"2006";"43";3
"1239863";1;"NAEL";"2012";"43";4
"1240422";1;"NAËL";"2013";"43";3
"1240825";1;"NAËL";"2018";"43";3
"1240909";1;"NAËL";"2019";"43";4
"1248271";1;"NATHAN";"2000";"43";11
"1248367";1;"NATHAN";"2001";"43";12
"1248465";1;"NATHAN";"2002";"43";5
"1248564";1;"NATHAN";"2003";"43";7
"1248662";1;"NATHAN";"2004";"43";11
"1248760";1;"NATHAN";"2005";"43";12
"1248859";1;"NATHAN";"2006";"43";17
"1248958";1;"NATHAN";"2007";"43";12
"1249056";1;"NATHAN";"2008";"43";14
"1249155";1;"NATHAN";"2009";"43";17
"1249254";1;"NATHAN";"2010";"43";14
"1249353";1;"NATHAN";"2011";"43";8
"1249452";1;"NATHAN";"2012";"43";19
"1249551";1;"NATHAN";"2013";"43";9
"1249650";1;"NATHAN";"2014";"43";9
"1249749";1;"NATHAN";"2015";"43";12
"1249847";1;"NATHAN";"2016";"43";6
"1249943";1;"NATHAN";"2017";"43";7
"1250040";1;"NATHAN";"2018";"43";7
"1250136";1;"NATHAN";"2019";"43";6
"1250233";1;"NATHAN";"2020";"43";3
"1260448";1;"NICOLAS";"2000";"43";7
"1260546";1;"NICOLAS";"2001";"43";4
"1260644";1;"NICOLAS";"2002";"43";6
"1260742";1;"NICOLAS";"2003";"43";5
"1260938";1;"NICOLAS";"2005";"43";4
"1261033";1;"NICOLAS";"2006";"43";3
"1261130";1;"NICOLAS";"2007";"43";3
"1264031";1;"NINO";"2008";"43";4
"1264190";1;"NINO";"2010";"43";3
"1264271";1;"NINO";"2011";"43";4
"1264354";1;"NINO";"2012";"43";5
"1264440";1;"NINO";"2013";"43";5
"1264526";1;"NINO";"2014";"43";4
"1264614";1;"NINO";"2015";"43";4
"1264702";1;"NINO";"2016";"43";3
"1264790";1;"NINO";"2017";"43";3
"1264879";1;"NINO";"2018";"43";5
"1264972";1;"NINO";"2019";"43";6
"1265063";1;"NINO";"2020";"43";6
"1265696";1;"NOA";"2005";"43";3
"1265791";1;"NOA";"2006";"43";6
"1265889";1;"NOA";"2007";"43";7
"1266079";1;"NOA";"2009";"43";7
"1266176";1;"NOA";"2010";"43";5
"1266274";1;"NOA";"2011";"43";4
"1266364";1;"NOA";"2012";"43";7
"1266455";1;"NOA";"2013";"43";6
"1266894";1;"NOA";"2018";"43";4
"1267343";1;"NOAH";"2003";"43";3
"1267437";1;"NOAH";"2004";"43";3
"1267532";1;"NOAH";"2005";"43";7
"1267629";1;"NOAH";"2006";"43";4
"1267728";1;"NOAH";"2007";"43";4
"1267825";1;"NOAH";"2008";"43";6
"1267924";1;"NOAH";"2009";"43";3
"1268021";1;"NOAH";"2010";"43";12
"1268118";1;"NOAH";"2011";"43";9
"1268214";1;"NOAH";"2012";"43";4
"1268308";1;"NOAH";"2013";"43";3
"1268403";1;"NOAH";"2014";"43";6
"1268499";1;"NOAH";"2015";"43";7
"1268686";1;"NOAH";"2017";"43";5
"1268870";1;"NOAH";"2019";"43";3
"1271350";1;"NOE";"2003";"43";6
"1271521";1;"NOE";"2005";"43";4
"1271613";1;"NOE";"2006";"43";4
"1271706";1;"NOE";"2007";"43";4
"1271798";1;"NOE";"2008";"43";7
"1271893";1;"NOE";"2009";"43";6
"1271985";1;"NOE";"2010";"43";8
"1272068";1;"NOE";"2011";"43";5
"1272123";1;"NOE";"2012";"43";7
"1272550";1;"NOÉ";"2013";"43";9
"1272642";1;"NOÉ";"2014";"43";6
"1272736";1;"NOÉ";"2015";"43";4
"1272831";1;"NOÉ";"2016";"43";5
"1272924";1;"NOÉ";"2017";"43";3
"1273018";1;"NOÉ";"2018";"43";7
"1273208";1;"NOÉ";"2020";"43";4
"1281088";1;"NOLAN";"2006";"43";3
"1281182";1;"NOLAN";"2007";"43";4
"1281275";1;"NOLAN";"2008";"43";4
"1281370";1;"NOLAN";"2009";"43";10
"1281466";1;"NOLAN";"2010";"43";3
"1281562";1;"NOLAN";"2011";"43";8
"1281658";1;"NOLAN";"2012";"43";9
"1281756";1;"NOLAN";"2013";"43";12
"1281855";1;"NOLAN";"2014";"43";7
"1281952";1;"NOLAN";"2015";"43";11
"1282049";1;"NOLAN";"2016";"43";8
"1282145";1;"NOLAN";"2017";"43";6
"1282241";1;"NOLAN";"2018";"43";6
"1282337";1;"NOLAN";"2019";"43";6
"1282430";1;"NOLAN";"2020";"43";4
"1282710";1;"NOLANN";"2007";"43";3
"1283763";1;"NOLHAN";"2011";"43";4
"1284110";1;"NOLHAN";"2016";"43";3
"1284158";1;"NOLHAN";"2017";"43";3
"1301471";1;"OSCAR";"2017";"43";3
"1331575";1;"PAUL";"2000";"43";4
"1331670";1;"PAUL";"2001";"43";3
"1331766";1;"PAUL";"2002";"43";3
"1331962";1;"PAUL";"2004";"43";5
"1332155";1;"PAUL";"2006";"43";3
"1332251";1;"PAUL";"2007";"43";3
"1332441";1;"PAUL";"2009";"43";5
"1332536";1;"PAUL";"2010";"43";5
"1332729";1;"PAUL";"2012";"43";7
"1333013";1;"PAUL";"2015";"43";4
"1333107";1;"PAUL";"2016";"43";4
"1333300";1;"PAUL";"2018";"43";6
"1333397";1;"PAUL";"2019";"43";5
"1333488";1;"PAUL";"2020";"43";5
"1354239";1;"PIERRE";"2000";"43";8
"1354336";1;"PIERRE";"2001";"43";12
"1354622";1;"PIERRE";"2004";"43";6
"1354717";1;"PIERRE";"2005";"43";5
"1354811";1;"PIERRE";"2006";"43";4
"1354904";1;"PIERRE";"2007";"43";9
"1355000";1;"PIERRE";"2008";"43";6
"1355089";1;"PIERRE";"2009";"43";5
"1355265";1;"PIERRE";"2011";"43";3
"1355347";1;"PIERRE";"2012";"43";5
"1355427";1;"PIERRE";"2013";"43";3
"1366722";1;"QUENTIN";"2000";"43";7
"1366819";1;"QUENTIN";"2001";"43";9
"1366916";1;"QUENTIN";"2002";"43";11
"1367014";1;"QUENTIN";"2003";"43";7
"1367110";1;"QUENTIN";"2004";"43";7
"1367208";1;"QUENTIN";"2005";"43";6
"1367304";1;"QUENTIN";"2006";"43";9
"1367400";1;"QUENTIN";"2007";"43";4
"1367494";1;"QUENTIN";"2008";"43";5
"1367592";1;"QUENTIN";"2009";"43";5
"1367684";1;"QUENTIN";"2010";"43";7
"1367773";1;"QUENTIN";"2011";"43";3
"1367860";1;"QUENTIN";"2012";"43";5
"1368025";1;"QUENTIN";"2014";"43";3
"1368295";1;"QUENTIN";"2018";"43";3
"1377364";1;"RAPHAEL";"2010";"43";3
"1382796";1;"RAPHAËL";"2004";"43";4
"1382894";1;"RAPHAËL";"2005";"43";4
"1382990";1;"RAPHAËL";"2006";"43";9
"1383084";1;"RAPHAËL";"2007";"43";4
"1383182";1;"RAPHAËL";"2008";"43";3
"1383281";1;"RAPHAËL";"2009";"43";3
"1383746";1;"RAPHAËL";"2014";"43";3
"1383844";1;"RAPHAËL";"2015";"43";3
"1384133";1;"RAPHAËL";"2018";"43";8
"1384232";1;"RAPHAËL";"2019";"43";3
"1384329";1;"RAPHAËL";"2020";"43";6
"1384721";1;"RAYAN";"2001";"43";4
"1385346";1;"RAYAN";"2009";"43";4
"1385521";1;"RAYAN";"2011";"43";3
"1385786";1;"RAYAN";"2014";"43";3
"1385874";1;"RAYAN";"2015";"43";3
"1400362";1;"REMI";"2010";"43";3
"1405790";1;"RÉMI";"2001";"43";8
"1405883";1;"RÉMI";"2002";"43";8
"1405975";1;"RÉMI";"2003";"43";3
"1406062";1;"RÉMI";"2004";"43";3
"1406149";1;"RÉMI";"2005";"43";5
"1406228";1;"RÉMI";"2006";"43";3
"1406307";1;"RÉMI";"2007";"43";3
"1406387";1;"RÉMI";"2008";"43";5
"1406462";1;"RÉMI";"2009";"43";3
"1412547";1;"RÉMY";"2000";"43";3
"1412967";1;"RÉMY";"2006";"43";3
"1439782";1;"ROBIN";"2001";"43";5
"1440115";1;"ROBIN";"2005";"43";4
"1440288";1;"ROBIN";"2007";"43";4
"1440626";1;"ROBIN";"2011";"43";8
"1440804";1;"ROBIN";"2013";"43";5
"1441150";1;"ROBIN";"2017";"43";5
"1462055";1;"ROMAIN";"2000";"43";8
"1462152";1;"ROMAIN";"2001";"43";6
"1462248";1;"ROMAIN";"2002";"43";13
"1462345";1;"ROMAIN";"2003";"43";3
"1462444";1;"ROMAIN";"2004";"43";9
"1462543";1;"ROMAIN";"2005";"43";3
"1462640";1;"ROMAIN";"2006";"43";6
"1462828";1;"ROMAIN";"2008";"43";6
"1466603";1;"ROMÉO";"2020";"43";3
"1471435";1;"RUBEN";"2007";"43";3
"1472066";1;"RUBEN";"2016";"43";3
"1479281";1;"SACHA";"2005";"43";4
"1479466";1;"SACHA";"2007";"43";4
"1479559";1;"SACHA";"2008";"43";3
"1479652";1;"SACHA";"2009";"43";3
"1479840";1;"SACHA";"2011";"43";3
"1479935";1;"SACHA";"2012";"43";10
"1480032";1;"SACHA";"2013";"43";12
"1480127";1;"SACHA";"2014";"43";3
"1480222";1;"SACHA";"2015";"43";4
"1480319";1;"SACHA";"2016";"43";3
"1480415";1;"SACHA";"2017";"43";6
"1480510";1;"SACHA";"2018";"43";4
"1480606";1;"SACHA";"2019";"43";4
"1480698";1;"SACHA";"2020";"43";4
"1493770";1;"SAMUEL";"2000";"43";3
"1493866";1;"SAMUEL";"2001";"43";6
"1493957";1;"SAMUEL";"2002";"43";8
"1494050";1;"SAMUEL";"2003";"43";5
"1494145";1;"SAMUEL";"2004";"43";4
"1494236";1;"SAMUEL";"2005";"43";3
"1494423";1;"SAMUEL";"2007";"43";5
"1494518";1;"SAMUEL";"2008";"43";5
"1494698";1;"SAMUEL";"2010";"43";3
"1495306";1;"SAMUEL";"2017";"43";4
"1495561";1;"SAMUEL";"2020";"43";3
"1519993";1;"SIMON";"2000";"43";4
"1520272";1;"SIMON";"2003";"43";7
"1520362";1;"SIMON";"2004";"43";3
"1520452";1;"SIMON";"2005";"43";6
"1520543";1;"SIMON";"2006";"43";5
"1520718";1;"SIMON";"2008";"43";6
"1520806";1;"SIMON";"2009";"43";4
"1520895";1;"SIMON";"2010";"43";3
"1520981";1;"SIMON";"2011";"43";5
"1521159";1;"SIMON";"2013";"43";3
"1521336";1;"SIMON";"2015";"43";3
"1521416";1;"SIMON";"2016";"43";4
"1521504";1;"SIMON";"2017";"43";3
"1521587";1;"SIMON";"2018";"43";3
"1521747";1;"SIMON";"2020";"43";5
"1523208";1;"SOAN";"2013";"43";4
"1523372";1;"SOAN";"2015";"43";3
"1523608";1;"SOAN";"2018";"43";4
"1523774";1;"SOAN";"2020";"43";3
"1524163";1;"SOËN";"2019";"43";3
"1526084";1;"SOFIANE";"2007";"43";3
"1527713";1;"SOHAN";"2019";"43";3
"1550125";1;"SWANN";"2010";"43";3
"1556199";1;"SYLVAIN";"2001";"43";3
"1556261";1;"SYLVAIN";"2002";"43";4
"1559295";1;"TANGUY";"2000";"43";6
"1559457";1;"TANGUY";"2002";"43";4
"1559598";1;"TANGUY";"2004";"43";3
"1566845";1;"THEO";"2011";"43";8
"1566907";1;"THEO";"2012";"43";9
"1568194";1;"THÉO";"2000";"43";12
"1568293";1;"THÉO";"2001";"43";13
"1568392";1;"THÉO";"2002";"43";18
"1568491";1;"THÉO";"2003";"43";13
"1568590";1;"THÉO";"2004";"43";15
"1568688";1;"THÉO";"2005";"43";10
"1568787";1;"THÉO";"2006";"43";11
"1568885";1;"THÉO";"2007";"43";7
"1568983";1;"THÉO";"2008";"43";6
"1569082";1;"THÉO";"2009";"43";6
"1569178";1;"THÉO";"2010";"43";4
"1569460";1;"THÉO";"2013";"43";6
"1569556";1;"THÉO";"2014";"43";16
"1569653";1;"THÉO";"2015";"43";11
"1569750";1;"THÉO";"2016";"43";4
"1569845";1;"THÉO";"2017";"43";6
"1569940";1;"THÉO";"2018";"43";7
"1570037";1;"THÉO";"2019";"43";5
"1570130";1;"THÉO";"2020";"43";3
"1575899";1;"THIBAUD";"2010";"43";3
"1578060";1;"THIBAULT";"2000";"43";3
"1578242";1;"THIBAULT";"2002";"43";4
"1581703";1;"THIBAUT";"2001";"43";4
"1581787";1;"THIBAUT";"2002";"43";3
"1582235";1;"THIBAUT";"2008";"43";3
"1591282";1;"THOMAS";"2000";"43";28
"1591381";1;"THOMAS";"2001";"43";12
"1591480";1;"THOMAS";"2002";"43";11
"1591579";1;"THOMAS";"2003";"43";6
"1591678";1;"THOMAS";"2004";"43";9
"1591776";1;"THOMAS";"2005";"43";9
"1591875";1;"THOMAS";"2006";"43";9
"1591972";1;"THOMAS";"2007";"43";7
"1592070";1;"THOMAS";"2008";"43";8
"1592168";1;"THOMAS";"2009";"43";5
"1592360";1;"THOMAS";"2011";"43";4
"1592455";1;"THOMAS";"2012";"43";4
"1592547";1;"THOMAS";"2013";"43";3
"1592821";1;"THOMAS";"2016";"43";3
"1593824";1;"TIAGO";"2009";"43";3
"1594042";1;"TIAGO";"2012";"43";4
"1594563";1;"TIAGO";"2018";"43";5
"1594658";1;"TIAGO";"2019";"43";6
"1594751";1;"TIAGO";"2020";"43";6
"1596316";1;"TIM";"2016";"43";3
"1596883";1;"TIMEO";"2006";"43";3
"1596969";1;"TIMEO";"2007";"43";3
"1597063";1;"TIMEO";"2008";"43";4
"1597155";1;"TIMEO";"2009";"43";6
"1597247";1;"TIMEO";"2010";"43";6
"1597333";1;"TIMEO";"2011";"43";5
"1597392";1;"TIMEO";"2012";"43";15
"1597892";1;"TIMÉO";"2013";"43";6
"1597989";1;"TIMÉO";"2014";"43";7
"1598084";1;"TIMÉO";"2015";"43";10
"1598179";1;"TIMÉO";"2016";"43";8
"1598272";1;"TIMÉO";"2017";"43";11
"1598366";1;"TIMÉO";"2018";"43";6
"1598461";1;"TIMÉO";"2019";"43";8
"1598555";1;"TIMÉO";"2020";"43";3
"1604405";1;"TITOUAN";"2008";"43";3
"1604486";1;"TITOUAN";"2009";"43";3
"1604651";1;"TITOUAN";"2011";"43";4
"1604940";1;"TITOUAN";"2015";"43";3
"1606411";1;"TOM";"2000";"43";8
"1606508";1;"TOM";"2001";"43";3
"1606603";1;"TOM";"2002";"43";6
"1606699";1;"TOM";"2003";"43";5
"1606796";1;"TOM";"2004";"43";10
"1606894";1;"TOM";"2005";"43";3
"1606993";1;"TOM";"2006";"43";8
"1607088";1;"TOM";"2007";"43";5
"1607187";1;"TOM";"2008";"43";14
"1607284";1;"TOM";"2009";"43";7
"1607377";1;"TOM";"2010";"43";10
"1607474";1;"TOM";"2011";"43";6
"1607569";1;"TOM";"2012";"43";6
"1607666";1;"TOM";"2013";"43";3
"1607759";1;"TOM";"2014";"43";5
"1607852";1;"TOM";"2015";"43";12
"1607945";1;"TOM";"2016";"43";9
"1608038";1;"TOM";"2017";"43";3
"1608132";1;"TOM";"2018";"43";4
"1608317";1;"TOM";"2020";"43";4
"1612635";1;"TONY";"2003";"43";4
"1613046";1;"TONY";"2009";"43";3
"1615963";1;"TRISTAN";"2001";"43";3
"1616143";1;"TRISTAN";"2003";"43";3
"1616502";1;"TRISTAN";"2007";"43";4
"1616678";1;"TRISTAN";"2009";"43";5
"1617000";1;"TRISTAN";"2013";"43";3
"1618192";1;"TYLIAN";"2018";"43";3
"1625333";1;"VALENTIN";"2000";"43";8
"1625430";1;"VALENTIN";"2001";"43";6
"1625525";1;"VALENTIN";"2002";"43";5
"1625620";1;"VALENTIN";"2003";"43";8
"1625716";1;"VALENTIN";"2004";"43";5
"1625905";1;"VALENTIN";"2006";"43";4
"1626270";1;"VALENTIN";"2010";"43";5
"1626454";1;"VALENTIN";"2012";"43";6
"1626547";1;"VALENTIN";"2013";"43";6
"1626637";1;"VALENTIN";"2014";"43";6
"1626823";1;"VALENTIN";"2016";"43";3
"1626916";1;"VALENTIN";"2017";"43";7
"1627007";1;"VALENTIN";"2018";"43";4
"1627095";1;"VALENTIN";"2019";"43";8
"1634693";1;"VICTOR";"2000";"43";4
"1634785";1;"VICTOR";"2001";"43";5
"1634966";1;"VICTOR";"2003";"43";4
"1635057";1;"VICTOR";"2004";"43";3
"1635145";1;"VICTOR";"2005";"43";4
"1635234";1;"VICTOR";"2006";"43";6
"1635321";1;"VICTOR";"2007";"43";5
"1635585";1;"VICTOR";"2010";"43";3
"1635673";1;"VICTOR";"2011";"43";3
"1636020";1;"VICTOR";"2015";"43";3
"1636366";1;"VICTOR";"2019";"43";3
"1636446";1;"VICTOR";"2020";"43";3
"1643598";1;"VINCENT";"2001";"43";6
"1661102";1;"WILLIAM";"2000";"43";3
"1662215";1;"WILLIAM";"2015";"43";3
"1671679";1;"XAVIER";"2000";"43";5
"1676400";1;"YANIS";"2001";"43";4
"1676487";1;"YANIS";"2002";"43";4
"1676576";1;"YANIS";"2003";"43";11
"1676669";1;"YANIS";"2004";"43";4
"1676765";1;"YANIS";"2005";"43";5
"1676861";1;"YANIS";"2006";"43";7
"1676958";1;"YANIS";"2007";"43";11
"1677055";1;"YANIS";"2008";"43";5
"1677152";1;"YANIS";"2009";"43";6
"1677250";1;"YANIS";"2010";"43";8
"1677346";1;"YANIS";"2011";"43";8
"1677441";1;"YANIS";"2012";"43";7
"1677721";1;"YANIS";"2015";"43";8
"1677811";1;"YANIS";"2016";"43";4
"1677900";1;"YANIS";"2017";"43";6
"1678072";1;"YANIS";"2019";"43";4
"1681978";1;"YANN";"2001";"43";3
"1682147";1;"YANN";"2003";"43";4
"1682231";1;"YANN";"2004";"43";3
"1682396";1;"YANN";"2006";"43";4
"1682622";1;"YANN";"2009";"43";4
"1682947";1;"YANN";"2014";"43";3
"1695972";1;"YOAN";"2004";"43";3
"1698723";1;"YOANN";"2002";"43";3
"1725544";1;"ZACHARIE";"2018";"43";3
"1739101";2;"_PRENOMS_RARES";"2000";"43";7
"1739200";2;"_PRENOMS_RARES";"2001";"43";5
"1739299";2;"_PRENOMS_RARES";"2002";"43";10
"1739398";2;"_PRENOMS_RARES";"2003";"43";11
"1739496";2;"_PRENOMS_RARES";"2004";"43";16
"1739595";2;"_PRENOMS_RARES";"2005";"43";11
"1739694";2;"_PRENOMS_RARES";"2006";"43";9
"1739792";2;"_PRENOMS_RARES";"2007";"43";13
"1739891";2;"_PRENOMS_RARES";"2008";"43";17
"1739990";2;"_PRENOMS_RARES";"2009";"43";11
"1740089";2;"_PRENOMS_RARES";"2010";"43";24
"1740188";2;"_PRENOMS_RARES";"2011";"43";16
"1740287";2;"_PRENOMS_RARES";"2012";"43";20
"1740386";2;"_PRENOMS_RARES";"2013";"43";18
"1740485";2;"_PRENOMS_RARES";"2014";"43";15
"1740584";2;"_PRENOMS_RARES";"2015";"43";24
"1740683";2;"_PRENOMS_RARES";"2016";"43";27
"1740782";2;"_PRENOMS_RARES";"2017";"43";16
"1740881";2;"_PRENOMS_RARES";"2018";"43";20
"1740980";2;"_PRENOMS_RARES";"2019";"43";28
"1741079";2;"_PRENOMS_RARES";"2020";"43";21
"1747671";2;"ADÈLE";"2009";"43";3
"1747996";2;"ADÈLE";"2014";"43";3
"1748074";2;"ADÈLE";"2015";"43";3
"1748228";2;"ADÈLE";"2017";"43";3
"1748387";2;"ADÈLE";"2019";"43";3
"1759117";2;"AGATHE";"2004";"43";4
"1759200";2;"AGATHE";"2005";"43";3
"1759449";2;"AGATHE";"2008";"43";3
"1759694";2;"AGATHE";"2011";"43";4
"1759782";2;"AGATHE";"2012";"43";3
"1759949";2;"AGATHE";"2014";"43";5
"1760032";2;"AGATHE";"2015";"43";5
"1760115";2;"AGATHE";"2016";"43";4
"1760201";2;"AGATHE";"2017";"43";3
"1760289";2;"AGATHE";"2018";"43";4
"1760379";2;"AGATHE";"2019";"43";4
"1760467";2;"AGATHE";"2020";"43";3
"1775410";2;"ALBANE";"2012";"43";5
"1775464";2;"ALBANE";"2013";"43";4
"1775571";2;"ALBANE";"2015";"43";5
"1775624";2;"ALBANE";"2016";"43";3
"1775721";2;"ALBANE";"2018";"43";5
"1775833";2;"ALBANE";"2020";"43";3
"1783759";2;"ALEXANDRA";"2001";"43";3
"1783831";2;"ALEXANDRA";"2002";"43";5
"1788764";2;"ALEXIA";"2000";"43";3
"1788946";2;"ALEXIA";"2002";"43";6
"1789037";2;"ALEXIA";"2003";"43";3
"1789121";2;"ALEXIA";"2004";"43";3
"1789286";2;"ALEXIA";"2006";"43";3
"1798871";2;"ALICE";"2002";"43";3
"1799488";2;"ALICE";"2009";"43";3
"1799579";2;"ALICE";"2010";"43";3
"1799766";2;"ALICE";"2012";"43";3
"1799864";2;"ALICE";"2013";"43";4
"1799961";2;"ALICE";"2014";"43";4
"1800057";2;"ALICE";"2015";"43";5
"1800149";2;"ALICE";"2016";"43";7
"1800246";2;"ALICE";"2017";"43";5
"1800341";2;"ALICE";"2018";"43";3
"1800434";2;"ALICE";"2019";"43";7
"1800530";2;"ALICE";"2020";"43";5
"1802147";2;"ALICIA";"2001";"43";6
"1802241";2;"ALICIA";"2002";"43";3
"1802334";2;"ALICIA";"2003";"43";3
"1802523";2;"ALICIA";"2005";"43";6
"1802614";2;"ALICIA";"2006";"43";4
"1802706";2;"ALICIA";"2007";"43";3
"1803060";2;"ALICIA";"2011";"43";3
"1803156";2;"ALICIA";"2012";"43";5
"1803246";2;"ALICIA";"2013";"43";4
"1803333";2;"ALICIA";"2014";"43";3
"1803721";2;"ALICIA";"2019";"43";3
"1803795";2;"ALICIA";"2020";"43";5
"1816938";2;"ALIX";"2011";"43";3
"1817198";2;"ALIX";"2015";"43";3
"1819838";2;"ALIZÉE";"2002";"43";4
"1819968";2;"ALIZÉE";"2004";"43";3
"1820096";2;"ALIZÉE";"2006";"43";6
"1831623";2;"AMANDINE";"2000";"43";3
"1831812";2;"AMANDINE";"2002";"43";3
"1831906";2;"AMANDINE";"2003";"43";6
"1831999";2;"AMANDINE";"2004";"43";3
"1832090";2;"AMANDINE";"2005";"43";5
"1832178";2;"AMANDINE";"2006";"43";3
"1834320";2;"AMBRE";"2002";"43";5
"1834410";2;"AMBRE";"2003";"43";3
"1834592";2;"AMBRE";"2005";"43";6
"1834683";2;"AMBRE";"2006";"43";5
"1834779";2;"AMBRE";"2007";"43";3
"1834873";2;"AMBRE";"2008";"43";3
"1835063";2;"AMBRE";"2010";"43";4
"1835157";2;"AMBRE";"2011";"43";4
"1835255";2;"AMBRE";"2012";"43";3
"1835351";2;"AMBRE";"2013";"43";4
"1835537";2;"AMBRE";"2015";"43";4
"1835631";2;"AMBRE";"2016";"43";4
"1835723";2;"AMBRE";"2017";"43";3
"1835817";2;"AMBRE";"2018";"43";6
"1835913";2;"AMBRE";"2019";"43";7
"1836006";2;"AMBRE";"2020";"43";4
"1843761";2;"AMÉLIE";"2000";"43";5
"1843948";2;"AMÉLIE";"2002";"43";5
"1844042";2;"AMÉLIE";"2003";"43";4
"1844130";2;"AMÉLIE";"2004";"43";4
"1844218";2;"AMÉLIE";"2005";"43";5
"1844303";2;"AMÉLIE";"2006";"43";4
"1851340";2;"ANAÉ";"2019";"43";3
"1852670";2;"ANAELLE";"2003";"43";3
"1852922";2;"ANAELLE";"2006";"43";4
"1853002";2;"ANAELLE";"2007";"43";3
"1853081";2;"ANAELLE";"2008";"43";3
"1853163";2;"ANAELLE";"2009";"43";3
"1853337";2;"ANAELLE";"2012";"43";3
"1854136";2;"ANAËLLE";"2019";"43";4
"1854309";2;"ANAIS";"2010";"43";4
"1854383";2;"ANAIS";"2011";"43";5
"1854436";2;"ANAIS";"2012";"43";4
"1854467";2;"ANAIS";"2013";"43";3
"1857090";2;"ANAÏS";"2000";"43";8
"1857188";2;"ANAÏS";"2001";"43";9
"1857286";2;"ANAÏS";"2002";"43";9
"1857383";2;"ANAÏS";"2003";"43";7
"1857481";2;"ANAÏS";"2004";"43";8
"1857577";2;"ANAÏS";"2005";"43";5
"1857674";2;"ANAÏS";"2006";"43";5
"1857771";2;"ANAÏS";"2007";"43";7
"1857869";2;"ANAÏS";"2008";"43";7
"1857967";2;"ANAÏS";"2009";"43";4
"1858327";2;"ANAÏS";"2013";"43";5
"1858412";2;"ANAÏS";"2014";"43";4
"1858499";2;"ANAÏS";"2015";"43";5
"1863969";2;"ANDRÉA";"2002";"43";3
"1864050";2;"ANDRÉA";"2003";"43";4
"1864126";2;"ANDRÉA";"2004";"43";3
"1864280";2;"ANDRÉA";"2006";"43";3
"1864810";2;"ANDRÉA";"2015";"43";4
"1885507";2;"ANGELIQUE";"2001";"43";3
"1898041";2;"ANNA";"2002";"43";4
"1898131";2;"ANNA";"2003";"43";3
"1898296";2;"ANNA";"2005";"43";5
"1898387";2;"ANNA";"2006";"43";4
"1898477";2;"ANNA";"2007";"43";4
"1898566";2;"ANNA";"2008";"43";6
"1898658";2;"ANNA";"2009";"43";5
"1898836";2;"ANNA";"2011";"43";5
"1898927";2;"ANNA";"2012";"43";3
"1899110";2;"ANNA";"2014";"43";3
"1899204";2;"ANNA";"2015";"43";5
"1899296";2;"ANNA";"2016";"43";7
"1899483";2;"ANNA";"2018";"43";3
"1899579";2;"ANNA";"2019";"43";3
"1899671";2;"ANNA";"2020";"43";4
"1940012";2;"ANOUK";"2008";"43";3
"1948904";2;"APOLLINE";"2016";"43";3
"1964702";2;"ASSIA";"2018";"43";3
"1968691";2;"ATHÉNAÏS";"2019";"43";3
"1974406";2;"AUDREY";"2000";"43";4
"1974586";2;"AUDREY";"2002";"43";6
"1985718";2;"AURÉLIE";"2003";"43";3
"1989792";2;"AURORE";"2001";"43";3
"1990233";2;"AURORE";"2008";"43";3
"1990437";2;"AURORE";"2013";"43";3
"1993066";2;"AXELLE";"2000";"43";3
"1993316";2;"AXELLE";"2003";"43";5
"1993402";2;"AXELLE";"2004";"43";5
"1993480";2;"AXELLE";"2005";"43";3
"1993821";2;"AXELLE";"2010";"43";4
"1995032";2;"AYA";"2015";"43";4
"2047929";2;"CAMILLE";"2000";"43";16
"2048027";2;"CAMILLE";"2001";"43";16
"2048126";2;"CAMILLE";"2002";"43";5
"2048224";2;"CAMILLE";"2003";"43";6
"2048320";2;"CAMILLE";"2004";"43";6
"2048419";2;"CAMILLE";"2005";"43";12
"2048517";2;"CAMILLE";"2006";"43";5
"2048615";2;"CAMILLE";"2007";"43";4
"2048714";2;"CAMILLE";"2008";"43";5
"2048812";2;"CAMILLE";"2009";"43";5
"2048911";2;"CAMILLE";"2010";"43";3
"2049007";2;"CAMILLE";"2011";"43";4
"2049104";2;"CAMILLE";"2012";"43";7
"2049200";2;"CAMILLE";"2013";"43";8
"2049487";2;"CAMILLE";"2016";"43";8
"2049586";2;"CAMILLE";"2017";"43";3
"2049767";2;"CAMILLE";"2019";"43";5
"2049857";2;"CAMILLE";"2020";"43";4
"2051122";2;"CANDICE";"2004";"43";4
"2051207";2;"CANDICE";"2005";"43";4
"2051297";2;"CANDICE";"2006";"43";4
"2051538";2;"CANDICE";"2009";"43";7
"2051613";2;"CANDICE";"2010";"43";4
"2052025";2;"CANDICE";"2016";"43";4
"2052173";2;"CANDICE";"2018";"43";4
"2053730";2;"CAPUCINE";"2008";"43";3
"2054101";2;"CAPUCINE";"2013";"43";3
"2054261";2;"CAPUCINE";"2015";"43";3
"2054503";2;"CAPUCINE";"2018";"43";3
"2058281";2;"CARLA";"2004";"43";4
"2073712";2;"CASSANDRA";"2002";"43";5
"2074199";2;"CASSANDRA";"2008";"43";3
"2075883";2;"CASSANDRE";"2012";"43";3
"2100214";2;"CÉLESTINE";"2015";"43";3
"2100281";2;"CÉLESTINE";"2017";"43";3
"2100592";2;"CELIA";"2012";"43";4
"2102620";2;"CÉLIA";"2000";"43";6
"2102714";2;"CÉLIA";"2001";"43";7
"2102810";2;"CÉLIA";"2002";"43";4
"2102907";2;"CÉLIA";"2003";"43";3
"2103004";2;"CÉLIA";"2004";"43";8
"2103195";2;"CÉLIA";"2006";"43";5
"2103290";2;"CÉLIA";"2007";"43";5
"2103381";2;"CÉLIA";"2008";"43";5
"2103477";2;"CÉLIA";"2009";"43";4
"2103813";2;"CÉLIA";"2013";"43";3
"2103900";2;"CÉLIA";"2014";"43";4
"2103982";2;"CÉLIA";"2015";"43";4
"2104132";2;"CÉLIA";"2017";"43";3
"2110442";2;"CÉLINE";"2000";"43";4
"2120317";2;"CHARLÈNE";"2000";"43";3
"2122055";2;"CHARLIE";"2020";"43";4
"2124012";2;"CHARLINE";"2001";"43";4
"2124695";2;"CHARLINE";"2011";"43";4
"2130827";2;"CHARLOTTE";"2000";"43";5
"2131108";2;"CHARLOTTE";"2003";"43";3
"2131482";2;"CHARLOTTE";"2007";"43";3
"2131662";2;"CHARLOTTE";"2009";"43";5
"2131841";2;"CHARLOTTE";"2011";"43";3
"2131930";2;"CHARLOTTE";"2012";"43";3
"2132197";2;"CHARLOTTE";"2015";"43";3
"2132284";2;"CHARLOTTE";"2016";"43";5
"2135618";2;"CHLOE";"2010";"43";3
"2135701";2;"CHLOE";"2011";"43";4
"2135765";2;"CHLOE";"2012";"43";5
"2137844";2;"CHLOÉ";"2000";"43";10
"2137943";2;"CHLOÉ";"2001";"43";18
"2138042";2;"CHLOÉ";"2002";"43";7
"2138140";2;"CHLOÉ";"2003";"43";16
"2138238";2;"CHLOÉ";"2004";"43";10
"2138335";2;"CHLOÉ";"2005";"43";4
"2138434";2;"CHLOÉ";"2006";"43";11
"2138533";2;"CHLOÉ";"2007";"43";7
"2138630";2;"CHLOÉ";"2008";"43";13
"2138729";2;"CHLOÉ";"2009";"43";10
"2138826";2;"CHLOÉ";"2010";"43";3
"2139110";2;"CHLOÉ";"2013";"43";6
"2139209";2;"CHLOÉ";"2014";"43";6
"2139308";2;"CHLOÉ";"2015";"43";6
"2139407";2;"CHLOÉ";"2016";"43";6
"2139601";2;"CHLOÉ";"2018";"43";3
"2139699";2;"CHLOÉ";"2019";"43";5
"2139794";2;"CHLOÉ";"2020";"43";4
"2162029";2;"CINDY";"2001";"43";3
"2173293";2;"CLARA";"2000";"43";9
"2173486";2;"CLARA";"2002";"43";6
"2173584";2;"CLARA";"2003";"43";7
"2173682";2;"CLARA";"2004";"43";6
"2173781";2;"CLARA";"2005";"43";12
"2173879";2;"CLARA";"2006";"43";12
"2173975";2;"CLARA";"2007";"43";7
"2174073";2;"CLARA";"2008";"43";6
"2174172";2;"CLARA";"2009";"43";3
"2174269";2;"CLARA";"2010";"43";9
"2174364";2;"CLARA";"2011";"43";5
"2174461";2;"CLARA";"2012";"43";7
"2174650";2;"CLARA";"2014";"43";7
"2174745";2;"CLARA";"2015";"43";4
"2174834";2;"CLARA";"2016";"43";6
"2174923";2;"CLARA";"2017";"43";3
"2175013";2;"CLARA";"2018";"43";3
"2177608";2;"CLARISSE";"2002";"43";5
"2178071";2;"CLARISSE";"2008";"43";3
"2178332";2;"CLARISSE";"2012";"43";4
"2194763";2;"CLEA";"2012";"43";3
"2195251";2;"CLÉA";"2006";"43";3
"2195796";2;"CLÉA";"2015";"43";4
"2196029";2;"CLÉA";"2019";"43";3
"2197041";2;"CLEMENCE";"2011";"43";6
"2197087";2;"CLEMENCE";"2012";"43";8
"2200905";2;"CLÉMENCE";"2001";"43";3
"2200996";2;"CLÉMENCE";"2002";"43";5
"2201270";2;"CLÉMENCE";"2005";"43";3
"2201360";2;"CLÉMENCE";"2006";"43";4
"2201454";2;"CLÉMENCE";"2007";"43";5
"2201635";2;"CLÉMENCE";"2009";"43";7
"2201726";2;"CLÉMENCE";"2010";"43";3
"2201977";2;"CLÉMENCE";"2013";"43";3
"2202062";2;"CLÉMENCE";"2014";"43";5
"2202148";2;"CLÉMENCE";"2015";"43";4
"2202235";2;"CLÉMENCE";"2016";"43";6
"2202565";2;"CLÉMENCE";"2020";"43";3
"2206240";2;"CLÉMENTINE";"2015";"43";4
"2207812";2;"CLOE";"2000";"43";3
"2208139";2;"CLOE";"2004";"43";4
"2208221";2;"CLOE";"2005";"43";4
"2208544";2;"CLOE";"2009";"43";3
"2219718";2;"COLINE";"2000";"43";3
"2220110";2;"COLINE";"2005";"43";4
"2220392";2;"COLINE";"2009";"43";4
"2220701";2;"COLINE";"2014";"43";3
"2221013";2;"COLINE";"2020";"43";4
"2223785";2;"CONSTANCE";"2007";"43";4
"2224358";2;"CONSTANCE";"2017";"43";6
"2224417";2;"CONSTANCE";"2018";"43";3
"2224549";2;"CONSTANCE";"2020";"43";3
"2227398";2;"CORALIE";"2001";"43";6
"2227582";2;"CORALIE";"2003";"43";4
"2227752";2;"CORALIE";"2005";"43";4
"2239252";2;"CYRIELLE";"2004";"43";4
"2282191";2;"DORINE";"2000";"43";3
"2297726";2;"ELEA";"2009";"43";3
"2301224";2;"ELENA";"2020";"43";3
"2302156";2;"ÉLÉNA";"2018";"43";3
"2304355";2;"ELEONORE";"2011";"43";3
"2304837";2;"ELÉONORE";"2017";"43";3
"2305215";2;"ÉLÉONORE";"2019";"43";3
"2306146";2;"ELIA";"2013";"43";3
"2306186";2;"ELIA";"2014";"43";3
"2306228";2;"ELIA";"2015";"43";3
"2314403";2;"ELINA";"2015";"43";4
"2314654";2;"ELINA";"2019";"43";4
"2315362";2;"ELINE";"2008";"43";3
"2315517";2;"ELINE";"2011";"43";5
"2315572";2;"ELINE";"2012";"43";3
"2318633";2;"ELISA";"2000";"43";4
"2318729";2;"ELISA";"2001";"43";5
"2318826";2;"ELISA";"2002";"43";3
"2319015";2;"ELISA";"2004";"43";4
"2319106";2;"ELISA";"2005";"43";6
"2319378";2;"ELISA";"2008";"43";5
"2319643";2;"ELISA";"2011";"43";6
"2319733";2;"ELISA";"2012";"43";6
"2319813";2;"ELISA";"2013";"43";4
"2334770";2;"ELISE";"2000";"43";7
"2334858";2;"ELISE";"2001";"43";3
"2335129";2;"ELISE";"2004";"43";3
"2335218";2;"ELISE";"2005";"43";5
"2335807";2;"ELISE";"2012";"43";3
"2335970";2;"ELISE";"2014";"43";3
"2336052";2;"ELISE";"2015";"43";7
"2336134";2;"ELISE";"2016";"43";4
"2336296";2;"ELISE";"2018";"43";3
"2342661";2;"ELODIE";"2000";"43";3
"2342848";2;"ELODIE";"2002";"43";4
"2343024";2;"ELODIE";"2004";"43";4
"2343431";2;"ELODIE";"2011";"43";3
"2345545";2;"ELOISE";"2003";"43";3
"2345627";2;"ELOISE";"2004";"43";4
"2345715";2;"ELOISE";"2005";"43";3
"2345799";2;"ELOISE";"2006";"43";3
"2345968";2;"ELOISE";"2008";"43";3
"2346136";2;"ELOISE";"2010";"43";7
"2346197";2;"ELOISE";"2011";"43";4
"2346233";2;"ELOISE";"2012";"43";3
"2346835";2;"ELOÏSE";"2014";"43";3
"2346907";2;"ELOÏSE";"2015";"43";3
"2347051";2;"ELOÏSE";"2017";"43";3
"2348085";2;"ELORA";"2008";"43";3
"2350392";2;"ELSA";"2000";"43";7
"2350483";2;"ELSA";"2001";"43";3
"2350573";2;"ELSA";"2002";"43";6
"2350659";2;"ELSA";"2003";"43";4
"2350829";2;"ELSA";"2005";"43";3
"2351083";2;"ELSA";"2008";"43";5
"2351173";2;"ELSA";"2009";"43";4
"2351264";2;"ELSA";"2010";"43";4
"2351353";2;"ELSA";"2011";"43";3
"2351442";2;"ELSA";"2012";"43";5
"2365974";2;"EMILIE";"2000";"43";6
"2366073";2;"EMILIE";"2001";"43";3
"2366171";2;"EMILIE";"2002";"43";5
"2366265";2;"EMILIE";"2003";"43";4
"2366360";2;"EMILIE";"2004";"43";7
"2366453";2;"EMILIE";"2005";"43";3
"2375505";2;"EMMA";"2000";"43";7
"2375604";2;"EMMA";"2001";"43";10
"2375702";2;"EMMA";"2002";"43";16
"2375800";2;"EMMA";"2003";"43";11
"2375899";2;"EMMA";"2004";"43";17
"2375998";2;"EMMA";"2005";"43";11
"2376097";2;"EMMA";"2006";"43";13
"2376196";2;"EMMA";"2007";"43";5
"2376295";2;"EMMA";"2008";"43";14
"2376394";2;"EMMA";"2009";"43";11
"2376493";2;"EMMA";"2010";"43";14
"2376592";2;"EMMA";"2011";"43";8
"2376690";2;"EMMA";"2012";"43";9
"2376789";2;"EMMA";"2013";"43";9
"2376886";2;"EMMA";"2014";"43";7
"2376983";2;"EMMA";"2015";"43";8
"2377080";2;"EMMA";"2016";"43";9
"2377178";2;"EMMA";"2017";"43";10
"2377276";2;"EMMA";"2018";"43";7
"2377373";2;"EMMA";"2019";"43";3
"2377472";2;"EMMA";"2020";"43";5
"2382631";2;"EMMY";"2009";"43";3
"2382711";2;"EMMY";"2010";"43";3
"2382935";2;"EMMY";"2013";"43";5
"2383226";2;"EMMY";"2017";"43";6
"2384206";2;"EMY";"2008";"43";4
"2384288";2;"EMY";"2009";"43";5
"2384363";2;"EMY";"2010";"43";3
"2384439";2;"EMY";"2011";"43";4
"2384518";2;"EMY";"2012";"43";3
"2384920";2;"EMY";"2017";"43";4
"2385002";2;"EMY";"2018";"43";5
"2385081";2;"EMY";"2019";"43";3
"2386432";2;"ENOLA";"2012";"43";4
"2387654";2;"ENORA";"2012";"43";3
"2387733";2;"ENORA";"2013";"43";3
"2397974";2;"ESTELLE";"2008";"43";3
"2410487";2;"EVA";"2000";"43";7
"2410585";2;"EVA";"2001";"43";6
"2410778";2;"EVA";"2003";"43";9
"2410873";2;"EVA";"2004";"43";5
"2410969";2;"EVA";"2005";"43";5
"2411065";2;"EVA";"2006";"43";6
"2411163";2;"EVA";"2007";"43";4
"2411259";2;"EVA";"2008";"43";4
"2411355";2;"EVA";"2009";"43";5
"2411449";2;"EVA";"2010";"43";7
"2411544";2;"EVA";"2011";"43";8
"2411640";2;"EVA";"2012";"43";3
"2411733";2;"EVA";"2013";"43";4
"2411825";2;"EVA";"2014";"43";6
"2412732";2;"EVANA";"2017";"43";3
"2428962";2;"FANNY";"2000";"43";5
"2429141";2;"FANNY";"2002";"43";3
"2429231";2;"FANNY";"2003";"43";5
"2429321";2;"FANNY";"2004";"43";3
"2429407";2;"FANNY";"2005";"43";4
"2429490";2;"FANNY";"2006";"43";3
"2429699";2;"FANNY";"2009";"43";3
"2439977";2;"FAUSTINE";"2008";"43";5
"2440136";2;"FAUSTINE";"2010";"43";5
"2440300";2;"FAUSTINE";"2012";"43";3
"2440372";2;"FAUSTINE";"2013";"43";4
"2440534";2;"FAUSTINE";"2015";"43";5
"2440818";2;"FAUSTINE";"2019";"43";4
"2451352";2;"FLAVIE";"2002";"43";5
"2451435";2;"FLAVIE";"2003";"43";5
"2451517";2;"FLAVIE";"2004";"43";7
"2451604";2;"FLAVIE";"2005";"43";4
"2451757";2;"FLAVIE";"2007";"43";5
"2451820";2;"FLAVIE";"2008";"43";3
"2451871";2;"FLAVIE";"2009";"43";3
"2451997";2;"FLAVIE";"2012";"43";4
"2452038";2;"FLAVIE";"2013";"43";3
"2452100";2;"FLAVIE";"2015";"43";4
"2454766";2;"FLORA";"2006";"43";4
"2456554";2;"FLORE";"2005";"43";3
"2497591";2;"GAELLE";"2000";"43";3
"2544381";2;"GIULIA";"2020";"43";4
"2577415";2;"HELOISE";"2011";"43";3
"2600461";2;"ILONA";"2005";"43";3
"2604779";2;"INAYA";"2010";"43";3
"2605029";2;"INAYA";"2013";"43";4
"2605200";2;"INAYA";"2015";"43";3
"2605289";2;"INAYA";"2016";"43";4
"2605643";2;"INAYA";"2020";"43";4
"2606085";2;"INES";"2010";"43";4
"2606168";2;"INES";"2011";"43";5
"2606246";2;"INES";"2012";"43";4
"2608303";2;"INÈS";"2000";"43";3
"2608398";2;"INÈS";"2001";"43";5
"2608590";2;"INÈS";"2003";"43";4
"2608685";2;"INÈS";"2004";"43";5
"2608782";2;"INÈS";"2005";"43";4
"2608878";2;"INÈS";"2006";"43";8
"2608974";2;"INÈS";"2007";"43";5
"2609072";2;"INÈS";"2008";"43";4
"2609167";2;"INÈS";"2009";"43";8
"2609538";2;"INÈS";"2013";"43";3
"2609633";2;"INÈS";"2014";"43";9
"2609729";2;"INÈS";"2015";"43";4
"2609820";2;"INÈS";"2016";"43";3
"2609913";2;"INÈS";"2017";"43";4
"2610006";2;"INÈS";"2018";"43";6
"2620879";2;"IRIS";"2018";"43";3
"2621055";2;"IRIS";"2020";"43";4
"2639367";2;"JADE";"2000";"43";5
"2639462";2;"JADE";"2001";"43";4
"2639557";2;"JADE";"2002";"43";5
"2639654";2;"JADE";"2003";"43";7
"2639753";2;"JADE";"2004";"43";5
"2639851";2;"JADE";"2005";"43";8
"2639949";2;"JADE";"2006";"43";8
"2640048";2;"JADE";"2007";"43";5
"2640146";2;"JADE";"2008";"43";6
"2640245";2;"JADE";"2009";"43";5
"2640343";2;"JADE";"2010";"43";8
"2640442";2;"JADE";"2011";"43";6
"2640540";2;"JADE";"2012";"43";6
"2640638";2;"JADE";"2013";"43";7
"2640735";2;"JADE";"2014";"43";9
"2640833";2;"JADE";"2015";"43";5
"2640932";2;"JADE";"2016";"43";9
"2641029";2;"JADE";"2017";"43";8
"2641127";2;"JADE";"2018";"43";7
"2641225";2;"JADE";"2019";"43";4
"2641323";2;"JADE";"2020";"43";7
"2660478";2;"JEANNE";"2000";"43";5
"2660567";2;"JEANNE";"2001";"43";9
"2660845";2;"JEANNE";"2004";"43";5
"2661028";2;"JEANNE";"2006";"43";4
"2661117";2;"JEANNE";"2007";"43";3
"2661209";2;"JEANNE";"2008";"43";7
"2661389";2;"JEANNE";"2010";"43";3
"2661479";2;"JEANNE";"2011";"43";6
"2661569";2;"JEANNE";"2012";"43";3
"2662015";2;"JEANNE";"2017";"43";4
"2662110";2;"JEANNE";"2018";"43";5
"2662198";2;"JEANNE";"2019";"43";5
"2677038";2;"JESSICA";"2001";"43";3
"2677114";2;"JESSICA";"2002";"43";5
"2709473";2;"JOY";"2018";"43";3
"2709537";2;"JOY";"2019";"43";3
"2715130";2;"JULIA";"2001";"43";3
"2715369";2;"JULIA";"2004";"43";4
"2715533";2;"JULIA";"2006";"43";3
"2715794";2;"JULIA";"2009";"43";8
"2715882";2;"JULIA";"2010";"43";3
"2716157";2;"JULIA";"2013";"43";3
"2716253";2;"JULIA";"2014";"43";7
"2716345";2;"JULIA";"2015";"43";6
"2716535";2;"JULIA";"2017";"43";4
"2716631";2;"JULIA";"2018";"43";8
"2716726";2;"JULIA";"2019";"43";10
"2716820";2;"JULIA";"2020";"43";6
"2722330";2;"JULIE";"2000";"43";8
"2722428";2;"JULIE";"2001";"43";13
"2722526";2;"JULIE";"2002";"43";6
"2722624";2;"JULIE";"2003";"43";5
"2722722";2;"JULIE";"2004";"43";6
"2722821";2;"JULIE";"2005";"43";8
"2722920";2;"JULIE";"2006";"43";6
"2723017";2;"JULIE";"2007";"43";3
"2723110";2;"JULIE";"2008";"43";6
"2723207";2;"JULIE";"2009";"43";6
"2723387";2;"JULIE";"2011";"43";6
"2723475";2;"JULIE";"2012";"43";6
"2723559";2;"JULIE";"2013";"43";4
"2723642";2;"JULIE";"2014";"43";3
"2733131";2;"JULIETTE";"2002";"43";4
"2733225";2;"JULIETTE";"2003";"43";5
"2733314";2;"JULIETTE";"2004";"43";5
"2733409";2;"JULIETTE";"2005";"43";7
"2733505";2;"JULIETTE";"2006";"43";9
"2733600";2;"JULIETTE";"2007";"43";6
"2733785";2;"JULIETTE";"2009";"43";6
"2733879";2;"JULIETTE";"2010";"43";4
"2733975";2;"JULIETTE";"2011";"43";4
"2734160";2;"JULIETTE";"2013";"43";5
"2734251";2;"JULIETTE";"2014";"43";4
"2734345";2;"JULIETTE";"2015";"43";5
"2734437";2;"JULIETTE";"2016";"43";8
"2734617";2;"JULIETTE";"2018";"43";7
"2734796";2;"JULIETTE";"2020";"43";4
"2735250";2;"JULINE";"2015";"43";3
"2738251";2;"JUSTINE";"2000";"43";11
"2738346";2;"JUSTINE";"2001";"43";3
"2738443";2;"JUSTINE";"2002";"43";9
"2738538";2;"JUSTINE";"2003";"43";10
"2738632";2;"JUSTINE";"2004";"43";4
"2738727";2;"JUSTINE";"2005";"43";6
"2738820";2;"JUSTINE";"2006";"43";7
"2739095";2;"JUSTINE";"2009";"43";4
"2739185";2;"JUSTINE";"2010";"43";3
"2739360";2;"JUSTINE";"2012";"43";3
"2739446";2;"JUSTINE";"2013";"43";3
"2739603";2;"JUSTINE";"2015";"43";3
"2758670";2;"KELLY";"2003";"43";3
"2772614";2;"LAETITIA";"2000";"43";4
"2776059";2;"LALIE";"2011";"43";3
"2776140";2;"LALIE";"2013";"43";4
"2776931";2;"LALY";"2014";"43";3
"2777847";2;"LANA";"2004";"43";4
"2778105";2;"LANA";"2007";"43";3
"2778281";2;"LANA";"2009";"43";3
"2778370";2;"LANA";"2010";"43";4
"2778460";2;"LANA";"2011";"43";7
"2778550";2;"LANA";"2012";"43";3
"2778644";2;"LANA";"2013";"43";5
"2778917";2;"LANA";"2016";"43";4
"2779009";2;"LANA";"2017";"43";3
"2779095";2;"LANA";"2018";"43";3
"2779175";2;"LANA";"2019";"43";3
"2779256";2;"LANA";"2020";"43";4
"2780223";2;"LARA";"2009";"43";3
"2783687";2;"LAURA";"2000";"43";10
"2783785";2;"LAURA";"2001";"43";8
"2783882";2;"LAURA";"2002";"43";5
"2783980";2;"LAURA";"2003";"43";6
"2784078";2;"LAURA";"2004";"43";6
"2784173";2;"LAURA";"2005";"43";3
"2784271";2;"LAURA";"2006";"43";6
"2784368";2;"LAURA";"2007";"43";5
"2784462";2;"LAURA";"2008";"43";6
"2784559";2;"LAURA";"2009";"43";3
"2784654";2;"LAURA";"2010";"43";8
"2784745";2;"LAURA";"2011";"43";5
"2784831";2;"LAURA";"2012";"43";4
"2791254";2;"LAURE";"2000";"43";3
"2804864";2;"LAURIE";"2000";"43";4
"2804958";2;"LAURIE";"2001";"43";4
"2805111";2;"LAURIE";"2003";"43";4
"2806371";2;"LAURINE";"2000";"43";4
"2806462";2;"LAURINE";"2001";"43";3
"2806552";2;"LAURINE";"2002";"43";3
"2808723";2;"LAURYNE";"2009";"43";3
"2810179";2;"LEA";"2011";"43";5
"2810245";2;"LEA";"2012";"43";5
"2814989";2;"LÉA";"2000";"43";20
"2815088";2;"LÉA";"2001";"43";20
"2815187";2;"LÉA";"2002";"43";10
"2815286";2;"LÉA";"2003";"43";17
"2815385";2;"LÉA";"2004";"43";10
"2815483";2;"LÉA";"2005";"43";11
"2815582";2;"LÉA";"2006";"43";14
"2815681";2;"LÉA";"2007";"43";11
"2815780";2;"LÉA";"2008";"43";12
"2815879";2;"LÉA";"2009";"43";7
"2815976";2;"LÉA";"2010";"43";4
"2816260";2;"LÉA";"2013";"43";8
"2816357";2;"LÉA";"2014";"43";8
"2816455";2;"LÉA";"2015";"43";6
"2816554";2;"LÉA";"2016";"43";6
"2816649";2;"LÉA";"2017";"43";7
"2816745";2;"LÉA";"2018";"43";8
"2816840";2;"LÉA";"2019";"43";7
"2816935";2;"LÉA";"2020";"43";6
"2817176";2;"LEANA";"2011";"43";4
"2817222";2;"LEANA";"2012";"43";6
"2818399";2;"LÉANA";"2014";"43";3
"2818908";2;"LÉANA";"2020";"43";3
"2819163";2;"LEANE";"2012";"43";3
"2819546";2;"LÉANE";"2004";"43";4
"2819629";2;"LÉANE";"2005";"43";4
"2819714";2;"LÉANE";"2006";"43";7
"2819885";2;"LÉANE";"2008";"43";4
"2819973";2;"LÉANE";"2009";"43";3
"2820409";2;"LÉANE";"2015";"43";3
"2824374";2;"LEILA";"2005";"43";3
"2826225";2;"LENA";"2010";"43";4
"2826304";2;"LENA";"2011";"43";12
"2826373";2;"LENA";"2012";"43";6
"2827657";2;"LÉNA";"2001";"43";3
"2827749";2;"LÉNA";"2002";"43";3
"2827842";2;"LÉNA";"2003";"43";4
"2827936";2;"LÉNA";"2004";"43";9
"2828032";2;"LÉNA";"2005";"43";5
"2828128";2;"LÉNA";"2006";"43";3
"2828221";2;"LÉNA";"2007";"43";6
"2828410";2;"LÉNA";"2009";"43";8
"2828776";2;"LÉNA";"2013";"43";6
"2828870";2;"LÉNA";"2014";"43";6
"2829059";2;"LÉNA";"2016";"43";8
"2829152";2;"LÉNA";"2017";"43";5
"2829247";2;"LÉNA";"2018";"43";8
"2829342";2;"LÉNA";"2019";"43";6
"2829434";2;"LÉNA";"2020";"43";6
"2833306";2;"LEONIE";"2010";"43";3
"2836559";2;"LÉONIE";"2003";"43";3
"2836723";2;"LÉONIE";"2005";"43";4
"2836801";2;"LÉONIE";"2006";"43";3
"2836883";2;"LÉONIE";"2007";"43";5
"2837385";2;"LÉONIE";"2013";"43";4
"2837471";2;"LÉONIE";"2014";"43";4
"2837558";2;"LÉONIE";"2015";"43";3
"2837822";2;"LÉONIE";"2018";"43";3
"2837997";2;"LÉONIE";"2020";"43";7
"2847112";2;"LILA";"2012";"43";3
"2848588";2;"LILI";"2007";"43";4
"2848653";2;"LILI";"2008";"43";3
"2856462";2;"LILOU";"2004";"43";5
"2856555";2;"LILOU";"2005";"43";6
"2856649";2;"LILOU";"2006";"43";5
"2856745";2;"LILOU";"2007";"43";3
"2856841";2;"LILOU";"2008";"43";4
"2856937";2;"LILOU";"2009";"43";10
"2857034";2;"LILOU";"2010";"43";6
"2857132";2;"LILOU";"2011";"43";9
"2857228";2;"LILOU";"2012";"43";4
"2857326";2;"LILOU";"2013";"43";6
"2857421";2;"LILOU";"2014";"43";4
"2857516";2;"LILOU";"2015";"43";5
"2857610";2;"LILOU";"2016";"43";6
"2857953";2;"LILOU";"2020";"43";3
"2858620";2;"LILY";"2006";"43";3
"2858707";2;"LILY";"2007";"43";5
"2858797";2;"LILY";"2008";"43";4
"2858885";2;"LILY";"2009";"43";3
"2858973";2;"LILY";"2010";"43";8
"2859235";2;"LILY";"2013";"43";4
"2859410";2;"LILY";"2015";"43";3
"2862588";2;"LINA";"2003";"43";3
"2862659";2;"LINA";"2004";"43";3
"2862813";2;"LINA";"2006";"43";4
"2863069";2;"LINA";"2009";"43";5
"2863158";2;"LINA";"2010";"43";4
"2863251";2;"LINA";"2011";"43";5
"2863344";2;"LINA";"2012";"43";6
"2863438";2;"LINA";"2013";"43";3
"2863531";2;"LINA";"2014";"43";5
"2863713";2;"LINA";"2016";"43";3
"2863895";2;"LINA";"2018";"43";4
"2863989";2;"LINA";"2019";"43";3
"2867610";2;"LINDSAY";"2009";"43";3
"2871752";2;"LISA";"2000";"43";4
"2871851";2;"LISA";"2001";"43";11
"2871948";2;"LISA";"2002";"43";6
"2872046";2;"LISA";"2003";"43";9
"2872144";2;"LISA";"2004";"43";5
"2872241";2;"LISA";"2005";"43";6
"2872337";2;"LISA";"2006";"43";6
"2872433";2;"LISA";"2007";"43";7
"2872527";2;"LISA";"2008";"43";4
"2872620";2;"LISA";"2009";"43";5
"2872716";2;"LISA";"2010";"43";3
"2872900";2;"LISA";"2012";"43";3
"2873240";2;"LISA";"2016";"43";6
"2876238";2;"LISE";"2002";"43";3
"2876462";2;"LISE";"2005";"43";3
"2876540";2;"LISE";"2006";"43";3
"2876705";2;"LISE";"2008";"43";3
"2877017";2;"LISE";"2012";"43";7
"2877177";2;"LISE";"2014";"43";3
"2877484";2;"LISE";"2018";"43";3
"2878949";2;"LISON";"2005";"43";3
"2879068";2;"LISON";"2007";"43";3
"2879187";2;"LISON";"2009";"43";3
"2879255";2;"LISON";"2010";"43";3
"2879630";2;"LISON";"2016";"43";3
"2879751";2;"LISON";"2018";"43";3
"2880658";2;"LIVIA";"2015";"43";5
"2882891";2;"LOANE";"2003";"43";3
"2883303";2;"LOANE";"2008";"43";3
"2883388";2;"LOANE";"2009";"43";4
"2886340";2;"LOLA";"2001";"43";5
"2886436";2;"LOLA";"2002";"43";5
"2886529";2;"LOLA";"2003";"43";10
"2886718";2;"LOLA";"2005";"43";11
"2886813";2;"LOLA";"2006";"43";8
"2886911";2;"LOLA";"2007";"43";3
"2887009";2;"LOLA";"2008";"43";6
"2887108";2;"LOLA";"2009";"43";9
"2887203";2;"LOLA";"2010";"43";9
"2887299";2;"LOLA";"2011";"43";6
"2887396";2;"LOLA";"2012";"43";6
"2887492";2;"LOLA";"2013";"43";9
"2887589";2;"LOLA";"2014";"43";15
"2887688";2;"LOLA";"2015";"43";7
"2887783";2;"LOLA";"2016";"43";5
"2887877";2;"LOLA";"2017";"43";6
"2887969";2;"LOLA";"2018";"43";5
"2888063";2;"LOLA";"2019";"43";3
"2888155";2;"LOLA";"2020";"43";5
"2892858";2;"LOU";"2000";"43";4
"2893024";2;"LOU";"2002";"43";3
"2893111";2;"LOU";"2003";"43";4
"2893209";2;"LOU";"2004";"43";4
"2893302";2;"LOU";"2005";"43";4
"2893398";2;"LOU";"2006";"43";5
"2893494";2;"LOU";"2007";"43";8
"2893588";2;"LOU";"2008";"43";5
"2893682";2;"LOU";"2009";"43";5
"2893773";2;"LOU";"2010";"43";3
"2893864";2;"LOU";"2011";"43";6
"2894049";2;"LOU";"2013";"43";3
"2894142";2;"LOU";"2014";"43";5
"2894233";2;"LOU";"2015";"43";7
"2894323";2;"LOU";"2016";"43";6
"2894411";2;"LOU";"2017";"43";3
"2894505";2;"LOU";"2018";"43";6
"2894687";2;"LOU";"2020";"43";4
"2896063";2;"LOU-ANNE";"2007";"43";3
"2896131";2;"LOU-ANNE";"2008";"43";4
"2896837";2;"LOUANE";"2004";"43";3
"2896919";2;"LOUANE";"2005";"43";4
"2897006";2;"LOUANE";"2006";"43";9
"2897099";2;"LOUANE";"2007";"43";3
"2897189";2;"LOUANE";"2008";"43";6
"2897283";2;"LOUANE";"2009";"43";4
"2897468";2;"LOUANE";"2011";"43";5
"2897559";2;"LOUANE";"2012";"43";5
"2897649";2;"LOUANE";"2013";"43";5
"2897828";2;"LOUANE";"2015";"43";9
"2907992";2;"LOUISE";"2000";"43";7
"2908083";2;"LOUISE";"2001";"43";6
"2908173";2;"LOUISE";"2002";"43";3
"2908264";2;"LOUISE";"2003";"43";4
"2908355";2;"LOUISE";"2004";"43";4
"2908446";2;"LOUISE";"2005";"43";3
"2908537";2;"LOUISE";"2006";"43";5
"2908631";2;"LOUISE";"2007";"43";4
"2908726";2;"LOUISE";"2008";"43";6
"2908821";2;"LOUISE";"2009";"43";7
"2909013";2;"LOUISE";"2011";"43";6
"2909110";2;"LOUISE";"2012";"43";3
"2909304";2;"LOUISE";"2014";"43";15
"2909401";2;"LOUISE";"2015";"43";7
"2909499";2;"LOUISE";"2016";"43";6
"2909597";2;"LOUISE";"2017";"43";10
"2909695";2;"LOUISE";"2018";"43";7
"2909790";2;"LOUISE";"2019";"43";10
"2909886";2;"LOUISE";"2020";"43";3
"2913376";2;"LOUNA";"2006";"43";5
"2913470";2;"LOUNA";"2007";"43";5
"2913564";2;"LOUNA";"2008";"43";3
"2913656";2;"LOUNA";"2009";"43";12
"2913845";2;"LOUNA";"2011";"43";7
"2913939";2;"LOUNA";"2012";"43";6
"2914033";2;"LOUNA";"2013";"43";3
"2914127";2;"LOUNA";"2014";"43";10
"2914407";2;"LOUNA";"2017";"43";4
"2914499";2;"LOUNA";"2018";"43";4
"2914590";2;"LOUNA";"2019";"43";4
"2927881";2;"LUCIE";"2000";"43";8
"2927980";2;"LUCIE";"2001";"43";7
"2928079";2;"LUCIE";"2002";"43";7
"2928175";2;"LUCIE";"2003";"43";9
"2928272";2;"LUCIE";"2004";"43";11
"2928370";2;"LUCIE";"2005";"43";10
"2928469";2;"LUCIE";"2006";"43";9
"2928567";2;"LUCIE";"2007";"43";8
"2928663";2;"LUCIE";"2008";"43";5
"2928760";2;"LUCIE";"2009";"43";3
"2928856";2;"LUCIE";"2010";"43";5
"2928953";2;"LUCIE";"2011";"43";4
"2929048";2;"LUCIE";"2012";"43";6
"2929431";2;"LUCIE";"2016";"43";3
"2929525";2;"LUCIE";"2017";"43";3
"2929708";2;"LUCIE";"2019";"43";5
"2938608";2;"LUCILE";"2012";"43";3
"2938932";2;"LUCILE";"2019";"43";3
"2945435";2;"LUNA";"2007";"43";4
"2945524";2;"LUNA";"2008";"43";3
"2945614";2;"LUNA";"2009";"43";5
"2945786";2;"LUNA";"2011";"43";4
"2946395";2;"LUNA";"2018";"43";5
"2946486";2;"LUNA";"2019";"43";4
"2947298";2;"LYA";"2015";"43";5
"2947543";2;"LYA";"2018";"43";3
"2947714";2;"LYA";"2020";"43";4
"2948230";2;"LYANA";"2015";"43";3
"2948517";2;"LYANA";"2019";"43";4
"2957831";2;"LYDIE";"2006";"43";3
"2959651";2;"LYLOU";"2013";"43";4
"2959726";2;"LYLOU";"2014";"43";3
"2959912";2;"LYLOU";"2017";"43";3
"2960830";2;"LYNA";"2015";"43";4
"2961041";2;"LYNA";"2018";"43";3
"2964577";2;"MADDY";"2020";"43";4
"2972205";2;"MADISON";"2009";"43";3
"2976702";2;"MAELLE";"2000";"43";5
"2976787";2;"MAELLE";"2001";"43";3
"2976875";2;"MAELLE";"2002";"43";4
"2976963";2;"MAELLE";"2003";"43";5
"2977147";2;"MAELLE";"2005";"43";3
"2977238";2;"MAELLE";"2006";"43";4
"2977332";2;"MAELLE";"2007";"43";3
"2977515";2;"MAELLE";"2009";"43";4
"2977600";2;"MAELLE";"2010";"43";4
"2977712";2;"MAELLE";"2012";"43";3
"2978226";2;"MAËLLE";"2013";"43";3
"2978564";2;"MAËLLE";"2018";"43";3
"2979591";2;"MAËLY";"2014";"43";3
"2981356";2;"MAELYS";"2003";"43";3
"2981447";2;"MAELYS";"2004";"43";4
"2981534";2;"MAELYS";"2005";"43";4
"2981625";2;"MAELYS";"2006";"43";7
"2981724";2;"MAELYS";"2007";"43";10
"2981819";2;"MAELYS";"2008";"43";6
"2981916";2;"MAELYS";"2009";"43";10
"2982013";2;"MAELYS";"2010";"43";6
"2982097";2;"MAELYS";"2011";"43";5
"2982159";2;"MAELYS";"2012";"43";7
"2982745";2;"MAËLYS";"2013";"43";6
"2982839";2;"MAËLYS";"2014";"43";5
"2983022";2;"MAËLYS";"2016";"43";6
"2983111";2;"MAËLYS";"2017";"43";3
"2983477";2;"MAELYSS";"2007";"43";3
"2985186";2;"MAEVA";"2000";"43";6
"2985284";2;"MAEVA";"2001";"43";6
"2985574";2;"MAEVA";"2004";"43";3
"2985670";2;"MAEVA";"2005";"43";8
"2985766";2;"MAEVA";"2006";"43";6
"2985954";2;"MAEVA";"2008";"43";7
"2986045";2;"MAEVA";"2009";"43";5
"2986134";2;"MAEVA";"2010";"43";3
"3011597";2;"MANON";"2000";"43";11
"3011695";2;"MANON";"2001";"43";16
"3011794";2;"MANON";"2002";"43";13
"3011891";2;"MANON";"2003";"43";11
"3011988";2;"MANON";"2004";"43";13
"3012087";2;"MANON";"2005";"43";10
"3012186";2;"MANON";"2006";"43";8
"3012285";2;"MANON";"2007";"43";10
"3012384";2;"MANON";"2008";"43";8
"3012483";2;"MANON";"2009";"43";14
"3012582";2;"MANON";"2010";"43";5
"3012680";2;"MANON";"2011";"43";12
"3012778";2;"MANON";"2012";"43";8
"3012876";2;"MANON";"2013";"43";8
"3012971";2;"MANON";"2014";"43";6
"3013068";2;"MANON";"2015";"43";8
"3013164";2;"MANON";"2016";"43";3
"3013260";2;"MANON";"2017";"43";5
"3013354";2;"MANON";"2018";"43";3
"3025137";2;"MARGAUX";"2000";"43";5
"3025407";2;"MARGAUX";"2003";"43";4
"3025672";2;"MARGAUX";"2006";"43";4
"3025926";2;"MARGAUX";"2009";"43";3
"3026864";2;"MARGAUX";"2020";"43";3
"3028255";2;"MARGOT";"2000";"43";3
"3028433";2;"MARGOT";"2002";"43";3
"3028610";2;"MARGOT";"2004";"43";3
"3028788";2;"MARGOT";"2006";"43";3
"3028876";2;"MARGOT";"2007";"43";3
"3029390";2;"MARGOT";"2013";"43";5
"3029562";2;"MARGOT";"2015";"43";3
"3058855";2;"MARIE";"2000";"43";19
"3058954";2;"MARIE";"2001";"43";7
"3059052";2;"MARIE";"2002";"43";8
"3059150";2;"MARIE";"2003";"43";15
"3059248";2;"MARIE";"2004";"43";6
"3059346";2;"MARIE";"2005";"43";6
"3059442";2;"MARIE";"2006";"43";7
"3059539";2;"MARIE";"2007";"43";5
"3059818";2;"MARIE";"2010";"43";5
"3133026";2;"MARINA";"2000";"43";4
"3136026";2;"MARINE";"2000";"43";5
"3136123";2;"MARINE";"2001";"43";5
"3136219";2;"MARINE";"2002";"43";5
"3136409";2;"MARINE";"2004";"43";7
"3136589";2;"MARINE";"2006";"43";3
"3136676";2;"MARINE";"2007";"43";3
"3136843";2;"MARINE";"2009";"43";3
"3141746";2;"MARION";"2000";"43";5
"3141843";2;"MARION";"2001";"43";4
"3141938";2;"MARION";"2002";"43";3
"3142120";2;"MARION";"2004";"43";7
"3142296";2;"MARION";"2006";"43";3
"3179009";2;"MATHILDE";"2000";"43";16
"3179107";2;"MATHILDE";"2001";"43";6
"3179203";2;"MATHILDE";"2002";"43";4
"3179300";2;"MATHILDE";"2003";"43";8
"3179396";2;"MATHILDE";"2004";"43";4
"3179587";2;"MATHILDE";"2006";"43";3
"3179684";2;"MATHILDE";"2007";"43";4
"3180056";2;"MATHILDE";"2011";"43";4
"3180316";2;"MATHILDE";"2014";"43";4
"3191772";2;"MAYA";"2012";"43";3
"3201253";2;"MÉLANIE";"2000";"43";8
"3201348";2;"MÉLANIE";"2001";"43";4
"3201755";2;"MÉLANIE";"2006";"43";3
"3201812";2;"MÉLANIE";"2007";"43";5
"3203231";2;"MELINA";"2011";"43";3
"3204748";2;"MÉLINA";"2001";"43";3
"3204901";2;"MÉLINA";"2003";"43";4
"3205213";2;"MÉLINA";"2007";"43";3
"3205384";2;"MÉLINA";"2009";"43";3
"3205767";2;"MÉLINA";"2014";"43";4
"3208071";2;"MELINE";"2005";"43";3
"3208238";2;"MELINE";"2007";"43";3
"3208314";2;"MELINE";"2008";"43";4
"3208515";2;"MELINE";"2011";"43";4
"3208792";2;"MÉLINE";"2013";"43";4
"3208930";2;"MÉLINE";"2015";"43";6
"3208989";2;"MÉLINE";"2016";"43";5
"3209053";2;"MÉLINE";"2017";"43";4
"3209614";2;"MELISSA";"2010";"43";3
"3209717";2;"MELISSA";"2012";"43";3
"3211760";2;"MÉLISSA";"2000";"43";4
"3211949";2;"MÉLISSA";"2002";"43";3
"3212492";2;"MÉLISSA";"2008";"43";3
"3212581";2;"MÉLISSA";"2009";"43";6
"3221274";2;"MIA";"2013";"43";3
"3221441";2;"MIA";"2015";"43";3
"3221530";2;"MIA";"2016";"43";3
"3221624";2;"MIA";"2017";"43";4
"3221720";2;"MIA";"2018";"43";5
"3221815";2;"MIA";"2019";"43";3
"3221912";2;"MIA";"2020";"43";3
"3235939";2;"MILA";"2013";"43";3
"3236117";2;"MILA";"2015";"43";7
"3236212";2;"MILA";"2016";"43";4
"3236306";2;"MILA";"2017";"43";5
"3236401";2;"MILA";"2018";"43";3
"3236593";2;"MILA";"2020";"43";11
"3254346";2;"MORGANE";"2000";"43";4
"3254441";2;"MORGANE";"2001";"43";6
"3254538";2;"MORGANE";"2002";"43";3
"3254726";2;"MORGANE";"2004";"43";5
"3254914";2;"MORGANE";"2006";"43";5
"3255087";2;"MORGANE";"2008";"43";4
"3255258";2;"MORGANE";"2010";"43";3
"3255408";2;"MORGANE";"2012";"43";4
"3263591";2;"MYA";"2018";"43";5
"3263764";2;"MYA";"2020";"43";3
"3287007";2;"NAËLLE";"2017";"43";4
"3289860";2;"NAIS";"2007";"43";3
"3289882";2;"NAIS";"2008";"43";3
"3303206";2;"NAWEL";"2003";"43";3
"3321328";2;"NINA";"2000";"43";3
"3321739";2;"NINA";"2005";"43";3
"3321916";2;"NINA";"2007";"43";4
"3322101";2;"NINA";"2009";"43";6
"3322192";2;"NINA";"2010";"43";4
"3322286";2;"NINA";"2011";"43";9
"3322468";2;"NINA";"2013";"43";4
"3322558";2;"NINA";"2014";"43";3
"3322924";2;"NINA";"2018";"43";5
"3323632";2;"NINON";"2003";"43";4
"3323990";2;"NINON";"2008";"43";3
"3324293";2;"NINON";"2012";"43";3
"3325672";2;"NOA";"2005";"43";3
"3327553";2;"NOELIE";"2005";"43";3
"3327672";2;"NOELIE";"2008";"43";3
"3327833";2;"NOELIE";"2012";"43";3
"3328056";2;"NOÉLIE";"2015";"43";4
"3335271";2;"NOEMIE";"2001";"43";5
"3335365";2;"NOEMIE";"2002";"43";6
"3335462";2;"NOEMIE";"2003";"43";4
"3335653";2;"NOEMIE";"2005";"43";5
"3335743";2;"NOEMIE";"2006";"43";5
"3336027";2;"NOEMIE";"2009";"43";3
"3336118";2;"NOEMIE";"2010";"43";4
"3337414";2;"NOÉMIE";"2013";"43";3
"3337503";2;"NOÉMIE";"2014";"43";6
"3337808";2;"NOÉMIE";"2018";"43";5
"3341775";2;"NORA";"2008";"43";3
"3342126";2;"NORA";"2014";"43";3
"3343038";2;"NORAH";"2017";"43";3
"3345404";2;"OCEANE";"2011";"43";5
"3345454";2;"OCEANE";"2012";"43";3
"3346685";2;"OCÉANE";"2000";"43";14
"3346784";2;"OCÉANE";"2001";"43";5
"3346883";2;"OCÉANE";"2002";"43";7
"3346981";2;"OCÉANE";"2003";"43";4
"3347078";2;"OCÉANE";"2004";"43";8
"3347176";2;"OCÉANE";"2005";"43";4
"3347273";2;"OCÉANE";"2006";"43";10
"3347370";2;"OCÉANE";"2007";"43";5
"3347467";2;"OCÉANE";"2008";"43";6
"3347564";2;"OCÉANE";"2009";"43";3
"3347916";2;"OCÉANE";"2013";"43";4
"3348083";2;"OCÉANE";"2015";"43";3
"3348310";2;"OCÉANE";"2018";"43";3
"3366335";2;"OLIVIA";"2016";"43";3
"3366420";2;"OLIVIA";"2017";"43";5
"3371813";2;"ORIANE";"2002";"43";4
"3373516";2;"ORLANE";"2008";"43";4
"3401697";2;"PAULINE";"2000";"43";4
"3401795";2;"PAULINE";"2001";"43";6
"3401889";2;"PAULINE";"2002";"43";8
"3401987";2;"PAULINE";"2003";"43";9
"3402082";2;"PAULINE";"2004";"43";6
"3402358";2;"PAULINE";"2007";"43";3
"3402975";2;"PAULINE";"2014";"43";3
"3407373";2;"PERRINE";"2005";"43";4
"3461536";2;"ROMANE";"2000";"43";3
"3461629";2;"ROMANE";"2001";"43";4
"3461719";2;"ROMANE";"2002";"43";7
"3461809";2;"ROMANE";"2003";"43";4
"3461906";2;"ROMANE";"2004";"43";7
"3462000";2;"ROMANE";"2005";"43";8
"3462094";2;"ROMANE";"2006";"43";8
"3462190";2;"ROMANE";"2007";"43";9
"3462287";2;"ROMANE";"2008";"43";7
"3462381";2;"ROMANE";"2009";"43";7
"3462476";2;"ROMANE";"2010";"43";7
"3462569";2;"ROMANE";"2011";"43";13
"3462665";2;"ROMANE";"2012";"43";5
"3462758";2;"ROMANE";"2013";"43";5
"3462851";2;"ROMANE";"2014";"43";8
"3462941";2;"ROMANE";"2015";"43";6
"3463029";2;"ROMANE";"2016";"43";6
"3463116";2;"ROMANE";"2017";"43";4
"3463296";2;"ROMANE";"2019";"43";4
"3464373";2;"ROMY";"2018";"43";3
"3464458";2;"ROMY";"2019";"43";3
"3464547";2;"ROMY";"2020";"43";3
"3474376";2;"ROSE";"2008";"43";3
"3474459";2;"ROSE";"2009";"43";3
"3474627";2;"ROSE";"2011";"43";3
"3474883";2;"ROSE";"2014";"43";6
"3474973";2;"ROSE";"2015";"43";3
"3475066";2;"ROSE";"2016";"43";6
"3475349";2;"ROSE";"2019";"43";5
"3485515";2;"ROXANE";"2010";"43";3
"3502733";2;"SALOMÉ";"2000";"43";5
"3503210";2;"SALOMÉ";"2006";"43";5
"3503436";2;"SALOMÉ";"2009";"43";4
"3507560";2;"SAMIA";"2004";"43";3
"3521681";2;"SARA";"2008";"43";4
"3522345";2;"SARA";"2018";"43";3
"3525625";2;"SARAH";"2000";"43";10
"3525724";2;"SARAH";"2001";"43";9
"3525823";2;"SARAH";"2002";"43";9
"3525921";2;"SARAH";"2003";"43";6
"3526020";2;"SARAH";"2004";"43";6
"3526116";2;"SARAH";"2005";"43";7
"3526213";2;"SARAH";"2006";"43";11
"3526311";2;"SARAH";"2007";"43";8
"3526410";2;"SARAH";"2008";"43";4
"3526506";2;"SARAH";"2009";"43";8
"3526603";2;"SARAH";"2010";"43";7
"3526700";2;"SARAH";"2011";"43";5
"3526796";2;"SARAH";"2012";"43";6
"3526986";2;"SARAH";"2014";"43";5
"3527081";2;"SARAH";"2015";"43";3
"3527174";2;"SARAH";"2016";"43";4
"3527262";2;"SARAH";"2017";"43";3
"3527513";2;"SARAH";"2020";"43";4
"3530890";2;"SELENA";"2009";"43";3
"3531398";2;"SÉLÉNA";"2015";"43";3
"3562716";2;"SOFIA";"2011";"43";3
"3563320";2;"SOFIA";"2019";"43";3
"3571803";2;"SOLÈNE";"2000";"43";5
"3571896";2;"SOLÈNE";"2001";"43";3
"3572162";2;"SOLÈNE";"2004";"43";4
"3572242";2;"SOLÈNE";"2005";"43";4
"3574733";2;"SOLINE";"2012";"43";3
"3574799";2;"SOLINE";"2013";"43";3
"3574873";2;"SOLINE";"2014";"43";3
"3574943";2;"SOLINE";"2015";"43";3
"3575094";2;"SOLINE";"2017";"43";4
"3575293";2;"SOLINE";"2020";"43";3
"3579485";2;"SONIA";"2000";"43";3
"3586817";2;"SOPHIE";"2000";"43";5
"3587574";2;"SOPHIE";"2013";"43";3
"3593771";2;"STELLA";"2004";"43";3
"3593909";2;"STELLA";"2007";"43";3
"3631474";2;"TESS";"2018";"43";3
"3631820";2;"TESSA";"2003";"43";4
"3632623";2;"TESSA";"2020";"43";4
"3633119";2;"THAIS";"2006";"43";5
"3633242";2;"THAIS";"2008";"43";3
"3633307";2;"THAIS";"2009";"43";3
"3633371";2;"THAIS";"2010";"43";3
"3633417";2;"THAIS";"2011";"43";4
"3633444";2;"THAIS";"2012";"43";5
"3633684";2;"THAÏS";"2013";"43";4
"3633818";2;"THAÏS";"2015";"43";3
"3633947";2;"THAÏS";"2017";"43";3
"3634016";2;"THAÏS";"2018";"43";4
"3635619";2;"THÉA";"2016";"43";3
"3646169";2;"TIFFANY";"2003";"43";3
"3648548";2;"TIPHAINE";"2002";"43";3
"3648662";2;"TIPHAINE";"2004";"43";4
"3655990";2;"VALENTINE";"2008";"43";3
"3656281";2;"VALENTINE";"2012";"43";3
"3656429";2;"VALENTINE";"2014";"43";3
"3656709";2;"VALENTINE";"2018";"43";3
"3656848";2;"VALENTINE";"2020";"43";4
"3670753";2;"VICTOIRE";"2017";"43";4
"3684891";2;"VIRGINIE";"2002";"43";4
"3705757";2;"YSIA";"2016";"43";3
"3720808";2;"ZELIE";"2010";"43";4
"3721298";2;"ZÉLIE";"2017";"43";4
"3723128";2;"ZOE";"2011";"43";5
"3723188";2;"ZOE";"2012";"43";3
"3724365";2;"ZOÉ";"2001";"43";3
"3724545";2;"ZOÉ";"2003";"43";4
"3724733";2;"ZOÉ";"2005";"43";7
"3724825";2;"ZOÉ";"2006";"43";3
"3725014";2;"ZOÉ";"2008";"43";7
"3725206";2;"ZOÉ";"2010";"43";3
"3725482";2;"ZOÉ";"2013";"43";6
"3725579";2;"ZOÉ";"2014";"43";5
"3726139";2;"ZOÉ";"2020";"43";4
